date,tag,downloads
2026-07-16,TOTAL,6648
2026-07-16,ss_2026.07.16,0
2026-07-16,ss_2026.07.14,133
2026-07-16,ss_2026.07.06,261
2026-07-16,ss_jp_2026.06.24,337
2026-07-16,ss_jp_2026.06.22,153
2026-07-16,ss_jp_2026.06.06,354
2026-07-16,ss_jp_2026.06.02,164
2026-07-16,ss_jp_2026.05.27,249
2026-07-16,ss_jp_2026.05.01,449
2026-07-16,ss_jp_2026.04.22,374
2026-07-16,ss_jp_2026.04.12,410
2026-07-16,ss_jp_2026.03.25,241
2026-07-16,ss_jp_2026.03.24,9
2026-07-16,ss_jp_2026.03.23,10
2026-07-16,ss_jp_2026.03.22,8
2026-07-16,ss_jp_2026.03.18,19
2026-07-16,ss_jp_2026.03.07,104
2026-07-16,ss_jp_2026.03.01,160
2026-07-16,ss_jp_2026.02.26,139
2026-07-16,ss_jp_2026.02.23,126
2026-07-16,ss_jp_2026.02.21,77
2026-07-16,ss_jp_2026.02.20,101
2026-07-16,ss_jp_2026.02.19,64
2026-07-16,ss_jp_2026.02.12,172
2026-07-16,ss_jp_2026.02.10,74
2026-07-16,ss_jp_2026.02.05,151
2026-07-16,ss_jp_2026.02.02,121
2026-07-16,ss_jp_2026.01.30,150
2026-07-16,ss_jp_2026.01.29,82
2026-07-16,ss_jp_2026.01.28,76
2026-07-16,ss_jp_2026.01.27,60
2026-07-16,ss_jp_2026.01.24,81
2026-07-16,ss_jp_2025.12.09,506
2026-07-16,ss_jp_2025.11.24,1153
2026-07-16,ss_jp_2025.11.20,24
2026-07-16,ss_jp_2025.11.14,27
2026-07-16,ss_jp_2025.11.13,29
2026-07-17,TOTAL,6756
2026-07-17,ss_2026.07.17,0
2026-07-17,ss_2026.07.16,93
2026-07-17,ss_2026.07.14,146
2026-07-17,ss_2026.07.06,263
2026-07-17,ss_jp_2026.06.24,337
2026-07-17,ss_jp_2026.06.22,153
2026-07-17,ss_jp_2026.06.06,354
2026-07-17,ss_jp_2026.06.02,164
2026-07-17,ss_jp_2026.05.27,249
2026-07-17,ss_jp_2026.05.01,449
2026-07-17,ss_jp_2026.04.22,374
2026-07-17,ss_jp_2026.04.12,410
2026-07-17,ss_jp_2026.03.25,241
2026-07-17,ss_jp_2026.03.24,9
2026-07-17,ss_jp_2026.03.23,10
2026-07-17,ss_jp_2026.03.22,8
2026-07-17,ss_jp_2026.03.18,19
2026-07-17,ss_jp_2026.03.07,104
2026-07-17,ss_jp_2026.03.01,160
2026-07-17,ss_jp_2026.02.26,139
2026-07-17,ss_jp_2026.02.23,126
2026-07-17,ss_jp_2026.02.21,77
2026-07-17,ss_jp_2026.02.20,101
2026-07-17,ss_jp_2026.02.19,64
2026-07-17,ss_jp_2026.02.12,172
2026-07-17,ss_jp_2026.02.10,74
2026-07-17,ss_jp_2026.02.05,151
2026-07-17,ss_jp_2026.02.02,121
2026-07-17,ss_jp_2026.01.30,150
2026-07-17,ss_jp_2026.01.29,82
2026-07-17,ss_jp_2026.01.28,76
2026-07-17,ss_jp_2026.01.27,60
2026-07-17,ss_jp_2026.01.24,81
2026-07-17,ss_jp_2025.12.09,506
2026-07-17,ss_jp_2025.11.24,1153
2026-07-17,ss_jp_2025.11.20,24
2026-07-17,ss_jp_2025.11.14,27
2026-07-17,ss_jp_2025.11.13,29
2026-07-18,TOTAL,6869
2026-07-18,ss_2026.07.17,103
2026-07-18,ss_2026.07.16,98
2026-07-18,ss_2026.07.14,150
2026-07-18,ss_2026.07.06,263
2026-07-18,ss_jp_2026.06.24,337
2026-07-18,ss_jp_2026.06.22,153
2026-07-18,ss_jp_2026.06.06,354
2026-07-18,ss_jp_2026.06.02,164
2026-07-18,ss_jp_2026.05.27,249
2026-07-18,ss_jp_2026.05.01,449
2026-07-18,ss_jp_2026.04.22,374
2026-07-18,ss_jp_2026.04.12,410
2026-07-18,ss_jp_2026.03.25,241
2026-07-18,ss_jp_2026.03.24,9
2026-07-18,ss_jp_2026.03.23,10
2026-07-18,ss_jp_2026.03.22,8
2026-07-18,ss_jp_2026.03.18,19
2026-07-18,ss_jp_2026.03.07,104
2026-07-18,ss_jp_2026.03.01,160
2026-07-18,ss_jp_2026.02.26,139
2026-07-18,ss_jp_2026.02.23,126
2026-07-18,ss_jp_2026.02.21,77
2026-07-18,ss_jp_2026.02.20,101
2026-07-18,ss_jp_2026.02.19,64
2026-07-18,ss_jp_2026.02.12,172
2026-07-18,ss_jp_2026.02.10,74
2026-07-18,ss_jp_2026.02.05,151
2026-07-18,ss_jp_2026.02.02,121
2026-07-18,ss_jp_2026.01.30,150
2026-07-18,ss_jp_2026.01.29,82
2026-07-18,ss_jp_2026.01.28,76
2026-07-18,ss_jp_2026.01.27,60
2026-07-18,ss_jp_2026.01.24,81
2026-07-18,ss_jp_2025.12.09,506
2026-07-18,ss_jp_2025.11.24,1153
2026-07-18,ss_jp_2025.11.20,24
2026-07-18,ss_jp_2025.11.14,27
2026-07-18,ss_jp_2025.11.13,30
2026-07-19,TOTAL,6910
2026-07-19,ss_2026.07.17,143
2026-07-19,ss_2026.07.16,98
2026-07-19,ss_2026.07.14,150
2026-07-19,ss_2026.07.06,263
2026-07-19,ss_jp_2026.06.24,337
2026-07-19,ss_jp_2026.06.22,153
2026-07-19,ss_jp_2026.06.06,354
2026-07-19,ss_jp_2026.06.02,164
2026-07-19,ss_jp_2026.05.27,249
2026-07-19,ss_jp_2026.05.01,449
2026-07-19,ss_jp_2026.04.22,374
2026-07-19,ss_jp_2026.04.12,410
2026-07-19,ss_jp_2026.03.25,241
2026-07-19,ss_jp_2026.03.24,9
2026-07-19,ss_jp_2026.03.23,10
2026-07-19,ss_jp_2026.03.22,9
2026-07-19,ss_jp_2026.03.18,19
2026-07-19,ss_jp_2026.03.07,104
2026-07-19,ss_jp_2026.03.01,160
2026-07-19,ss_jp_2026.02.26,139
2026-07-19,ss_jp_2026.02.23,126
2026-07-19,ss_jp_2026.02.21,77
2026-07-19,ss_jp_2026.02.20,101
2026-07-19,ss_jp_2026.02.19,64
2026-07-19,ss_jp_2026.02.12,172
2026-07-19,ss_jp_2026.02.10,74
2026-07-19,ss_jp_2026.02.05,151
2026-07-19,ss_jp_2026.02.02,121
2026-07-19,ss_jp_2026.01.30,150
2026-07-19,ss_jp_2026.01.29,82
2026-07-19,ss_jp_2026.01.28,76
2026-07-19,ss_jp_2026.01.27,60
2026-07-19,ss_jp_2026.01.24,81
2026-07-19,ss_jp_2025.12.09,506
2026-07-19,ss_jp_2025.11.24,1153
2026-07-19,ss_jp_2025.11.20,24
2026-07-19,ss_jp_2025.11.14,27
2026-07-19,ss_jp_2025.11.13,30
2026-07-20,TOTAL,6929
2026-07-20,ss_2026.07.17,162
2026-07-20,ss_2026.07.16,98
2026-07-20,ss_2026.07.14,150
2026-07-20,ss_2026.07.06,263
2026-07-20,ss_jp_2026.06.24,337
2026-07-20,ss_jp_2026.06.22,153
2026-07-20,ss_jp_2026.06.06,354
2026-07-20,ss_jp_2026.06.02,164
2026-07-20,ss_jp_2026.05.27,249
2026-07-20,ss_jp_2026.05.01,449
2026-07-20,ss_jp_2026.04.22,374
2026-07-20,ss_jp_2026.04.12,410
2026-07-20,ss_jp_2026.03.25,241
2026-07-20,ss_jp_2026.03.24,9
2026-07-20,ss_jp_2026.03.23,10
2026-07-20,ss_jp_2026.03.22,9
2026-07-20,ss_jp_2026.03.18,19
2026-07-20,ss_jp_2026.03.07,104
2026-07-20,ss_jp_2026.03.01,160
2026-07-20,ss_jp_2026.02.26,139
2026-07-20,ss_jp_2026.02.23,126
2026-07-20,ss_jp_2026.02.21,77
2026-07-20,ss_jp_2026.02.20,101
2026-07-20,ss_jp_2026.02.19,64
2026-07-20,ss_jp_2026.02.12,172
2026-07-20,ss_jp_2026.02.10,74
2026-07-20,ss_jp_2026.02.05,151
2026-07-20,ss_jp_2026.02.02,121
2026-07-20,ss_jp_2026.01.30,150
2026-07-20,ss_jp_2026.01.29,82
2026-07-20,ss_jp_2026.01.28,76
2026-07-20,ss_jp_2026.01.27,60
2026-07-20,ss_jp_2026.01.24,81
2026-07-20,ss_jp_2025.12.09,506
2026-07-20,ss_jp_2025.11.24,1153
2026-07-20,ss_jp_2025.11.20,24
2026-07-20,ss_jp_2025.11.14,27
2026-07-20,ss_jp_2025.11.13,30
2026-07-21,TOTAL,6960
2026-07-21,ss_2026.07.17,189
2026-07-21,ss_2026.07.16,98
2026-07-21,ss_2026.07.14,151
2026-07-21,ss_2026.07.06,263
2026-07-21,ss_jp_2026.06.24,337
2026-07-21,ss_jp_2026.06.22,153
2026-07-21,ss_jp_2026.06.06,355
2026-07-21,ss_jp_2026.06.02,164
2026-07-21,ss_jp_2026.05.27,249
2026-07-21,ss_jp_2026.05.01,449
2026-07-21,ss_jp_2026.04.22,374
2026-07-21,ss_jp_2026.04.12,410
2026-07-21,ss_jp_2026.03.25,241
2026-07-21,ss_jp_2026.03.24,9
2026-07-21,ss_jp_2026.03.23,12
2026-07-21,ss_jp_2026.03.22,9
2026-07-21,ss_jp_2026.03.18,19
2026-07-21,ss_jp_2026.03.07,104
2026-07-21,ss_jp_2026.03.01,160
2026-07-21,ss_jp_2026.02.26,139
2026-07-21,ss_jp_2026.02.23,126
2026-07-21,ss_jp_2026.02.21,77
2026-07-21,ss_jp_2026.02.20,101
2026-07-21,ss_jp_2026.02.19,64
2026-07-21,ss_jp_2026.02.12,172
2026-07-21,ss_jp_2026.02.10,74
2026-07-21,ss_jp_2026.02.05,151
2026-07-21,ss_jp_2026.02.02,121
2026-07-21,ss_jp_2026.01.30,150
2026-07-21,ss_jp_2026.01.29,82
2026-07-21,ss_jp_2026.01.28,76
2026-07-21,ss_jp_2026.01.27,60
2026-07-21,ss_jp_2026.01.24,81
2026-07-21,ss_jp_2025.12.09,506
2026-07-21,ss_jp_2025.11.24,1153
2026-07-21,ss_jp_2025.11.20,24
2026-07-21,ss_jp_2025.11.14,27
2026-07-21,ss_jp_2025.11.13,30
2026-07-22,TOTAL,6979
2026-07-22,ss_2026.07.17,207
2026-07-22,ss_2026.07.16,98
2026-07-22,ss_2026.07.14,151
2026-07-22,ss_2026.07.06,263
2026-07-22,ss_jp_2026.06.24,337
2026-07-22,ss_jp_2026.06.22,153
2026-07-22,ss_jp_2026.06.06,355
2026-07-22,ss_jp_2026.06.02,164
2026-07-22,ss_jp_2026.05.27,249
2026-07-22,ss_jp_2026.05.01,449
2026-07-22,ss_jp_2026.04.22,375
2026-07-22,ss_jp_2026.04.12,410
2026-07-22,ss_jp_2026.03.25,241
2026-07-22,ss_jp_2026.03.24,9
2026-07-22,ss_jp_2026.03.23,12
2026-07-22,ss_jp_2026.03.22,9
2026-07-22,ss_jp_2026.03.18,19
2026-07-22,ss_jp_2026.03.07,104
2026-07-22,ss_jp_2026.03.01,160
2026-07-22,ss_jp_2026.02.26,139
2026-07-22,ss_jp_2026.02.23,126
2026-07-22,ss_jp_2026.02.21,77
2026-07-22,ss_jp_2026.02.20,101
2026-07-22,ss_jp_2026.02.19,64
2026-07-22,ss_jp_2026.02.12,172
2026-07-22,ss_jp_2026.02.10,74
2026-07-22,ss_jp_2026.02.05,151
2026-07-22,ss_jp_2026.02.02,121
2026-07-22,ss_jp_2026.01.30,150
2026-07-22,ss_jp_2026.01.29,82
2026-07-22,ss_jp_2026.01.28,76
2026-07-22,ss_jp_2026.01.27,60
2026-07-22,ss_jp_2026.01.24,81
2026-07-22,ss_jp_2025.12.09,506
2026-07-22,ss_jp_2025.11.24,1153
2026-07-22,ss_jp_2025.11.20,24
2026-07-22,ss_jp_2025.11.14,27
2026-07-22,ss_jp_2025.11.13,30
2026-07-23,TOTAL,7001
2026-07-23,ss_2026.07.17,228
2026-07-23,ss_2026.07.16,98
2026-07-23,ss_2026.07.14,151
2026-07-23,ss_2026.07.06,263
2026-07-23,ss_jp_2026.06.24,337
2026-07-23,ss_jp_2026.06.22,153
2026-07-23,ss_jp_2026.06.06,355
2026-07-23,ss_jp_2026.06.02,164
2026-07-23,ss_jp_2026.05.27,249
2026-07-23,ss_jp_2026.05.01,449
2026-07-23,ss_jp_2026.04.22,375
2026-07-23,ss_jp_2026.04.12,410
2026-07-23,ss_jp_2026.03.25,241
2026-07-23,ss_jp_2026.03.24,9
2026-07-23,ss_jp_2026.03.23,12
2026-07-23,ss_jp_2026.03.22,9
2026-07-23,ss_jp_2026.03.18,19
2026-07-23,ss_jp_2026.03.07,104
2026-07-23,ss_jp_2026.03.01,160
2026-07-23,ss_jp_2026.02.26,139
2026-07-23,ss_jp_2026.02.23,126
2026-07-23,ss_jp_2026.02.21,77
2026-07-23,ss_jp_2026.02.20,101
2026-07-23,ss_jp_2026.02.19,64
2026-07-23,ss_jp_2026.02.12,172
2026-07-23,ss_jp_2026.02.10,74
2026-07-23,ss_jp_2026.02.05,151
2026-07-23,ss_jp_2026.02.02,121
2026-07-23,ss_jp_2026.01.30,150
2026-07-23,ss_jp_2026.01.29,83
2026-07-23,ss_jp_2026.01.28,76
2026-07-23,ss_jp_2026.01.27,60
2026-07-23,ss_jp_2026.01.24,81
2026-07-23,ss_jp_2025.12.09,506
2026-07-23,ss_jp_2025.11.24,1153
2026-07-23,ss_jp_2025.11.20,24
2026-07-23,ss_jp_2025.11.14,27
2026-07-23,ss_jp_2025.11.13,30
2026-07-24,TOTAL,7017
2026-07-24,ss_2026.07.17,244
2026-07-24,ss_2026.07.16,98
2026-07-24,ss_2026.07.14,151
2026-07-24,ss_2026.07.06,263
2026-07-24,ss_jp_2026.06.24,337
2026-07-24,ss_jp_2026.06.22,153
2026-07-24,ss_jp_2026.06.06,355
2026-07-24,ss_jp_2026.06.02,164
2026-07-24,ss_jp_2026.05.27,249
2026-07-24,ss_jp_2026.05.01,449
2026-07-24,ss_jp_2026.04.22,375
2026-07-24,ss_jp_2026.04.12,410
2026-07-24,ss_jp_2026.03.25,241
2026-07-24,ss_jp_2026.03.24,9
2026-07-24,ss_jp_2026.03.23,12
2026-07-24,ss_jp_2026.03.22,9
2026-07-24,ss_jp_2026.03.18,19
2026-07-24,ss_jp_2026.03.07,104
2026-07-24,ss_jp_2026.03.01,160
2026-07-24,ss_jp_2026.02.26,139
2026-07-24,ss_jp_2026.02.23,126
2026-07-24,ss_jp_2026.02.21,77
2026-07-24,ss_jp_2026.02.20,101
2026-07-24,ss_jp_2026.02.19,64
2026-07-24,ss_jp_2026.02.12,172
2026-07-24,ss_jp_2026.02.10,74
2026-07-24,ss_jp_2026.02.05,151
2026-07-24,ss_jp_2026.02.02,121
2026-07-24,ss_jp_2026.01.30,150
2026-07-24,ss_jp_2026.01.29,83
2026-07-24,ss_jp_2026.01.28,76
2026-07-24,ss_jp_2026.01.27,60
2026-07-24,ss_jp_2026.01.24,81
2026-07-24,ss_jp_2025.12.09,506
2026-07-24,ss_jp_2025.11.24,1153
2026-07-24,ss_jp_2025.11.20,24
2026-07-24,ss_jp_2025.11.14,27
2026-07-24,ss_jp_2025.11.13,30
2026-07-25,TOTAL,7047
2026-07-25,ss_2026.07.17,273
2026-07-25,ss_2026.07.16,99
2026-07-25,ss_2026.07.14,151
2026-07-25,ss_2026.07.06,263
2026-07-25,ss_jp_2026.06.24,337
2026-07-25,ss_jp_2026.06.22,153
2026-07-25,ss_jp_2026.06.06,355
2026-07-25,ss_jp_2026.06.02,164
2026-07-25,ss_jp_2026.05.27,249
2026-07-25,ss_jp_2026.05.01,449
2026-07-25,ss_jp_2026.04.22,375
2026-07-25,ss_jp_2026.04.12,410
2026-07-25,ss_jp_2026.03.25,241
2026-07-25,ss_jp_2026.03.24,9
2026-07-25,ss_jp_2026.03.23,12
2026-07-25,ss_jp_2026.03.22,9
2026-07-25,ss_jp_2026.03.18,19
2026-07-25,ss_jp_2026.03.07,104
2026-07-25,ss_jp_2026.03.01,160
2026-07-25,ss_jp_2026.02.26,139
2026-07-25,ss_jp_2026.02.23,126
2026-07-25,ss_jp_2026.02.21,77
2026-07-25,ss_jp_2026.02.20,101
2026-07-25,ss_jp_2026.02.19,64
2026-07-25,ss_jp_2026.02.12,172
2026-07-25,ss_jp_2026.02.10,74
2026-07-25,ss_jp_2026.02.05,151
2026-07-25,ss_jp_2026.02.02,121
2026-07-25,ss_jp_2026.01.30,150
2026-07-25,ss_jp_2026.01.29,83
2026-07-25,ss_jp_2026.01.28,76
2026-07-25,ss_jp_2026.01.27,60
2026-07-25,ss_jp_2026.01.24,81
2026-07-25,ss_jp_2025.12.09,506
2026-07-25,ss_jp_2025.11.24,1153
2026-07-25,ss_jp_2025.11.20,24
2026-07-25,ss_jp_2025.11.14,27
2026-07-25,ss_jp_2025.11.13,30
2026-07-26,TOTAL,7067
2026-07-26,ss_2026.07.17,291
2026-07-26,ss_2026.07.16,99
2026-07-26,ss_2026.07.14,151
2026-07-26,ss_2026.07.06,263
2026-07-26,ss_jp_2026.06.24,339
2026-07-26,ss_jp_2026.06.22,153
2026-07-26,ss_jp_2026.06.06,355
2026-07-26,ss_jp_2026.06.02,164
2026-07-26,ss_jp_2026.05.27,249
2026-07-26,ss_jp_2026.05.01,449
2026-07-26,ss_jp_2026.04.22,375
2026-07-26,ss_jp_2026.04.12,410
2026-07-26,ss_jp_2026.03.25,241
2026-07-26,ss_jp_2026.03.24,9
2026-07-26,ss_jp_2026.03.23,12
2026-07-26,ss_jp_2026.03.22,9
2026-07-26,ss_jp_2026.03.18,19
2026-07-26,ss_jp_2026.03.07,104
2026-07-26,ss_jp_2026.03.01,160
2026-07-26,ss_jp_2026.02.26,139
2026-07-26,ss_jp_2026.02.23,126
2026-07-26,ss_jp_2026.02.21,77
2026-07-26,ss_jp_2026.02.20,101
2026-07-26,ss_jp_2026.02.19,64
2026-07-26,ss_jp_2026.02.12,172
2026-07-26,ss_jp_2026.02.10,74
2026-07-26,ss_jp_2026.02.05,151
2026-07-26,ss_jp_2026.02.02,121
2026-07-26,ss_jp_2026.01.30,150
2026-07-26,ss_jp_2026.01.29,83
2026-07-26,ss_jp_2026.01.28,76
2026-07-26,ss_jp_2026.01.27,60
2026-07-26,ss_jp_2026.01.24,81
2026-07-26,ss_jp_2025.12.09,506
2026-07-26,ss_jp_2025.11.24,1153
2026-07-26,ss_jp_2025.11.20,24
2026-07-26,ss_jp_2025.11.14,27
2026-07-26,ss_jp_2025.11.13,30
2026-07-27,TOTAL,7071
2026-07-27,ss_2026.07.17,293
2026-07-27,ss_2026.07.16,99
2026-07-27,ss_2026.07.14,151
2026-07-27,ss_2026.07.06,265
2026-07-27,ss_jp_2026.06.24,339
2026-07-27,ss_jp_2026.06.22,153
2026-07-27,ss_jp_2026.06.06,355
2026-07-27,ss_jp_2026.06.02,164
2026-07-27,ss_jp_2026.05.27,249
2026-07-27,ss_jp_2026.05.01,449
2026-07-27,ss_jp_2026.04.22,375
2026-07-27,ss_jp_2026.04.12,410
2026-07-27,ss_jp_2026.03.25,241
2026-07-27,ss_jp_2026.03.24,9
2026-07-27,ss_jp_2026.03.23,12
2026-07-27,ss_jp_2026.03.22,9
2026-07-27,ss_jp_2026.03.18,19
2026-07-27,ss_jp_2026.03.07,104
2026-07-27,ss_jp_2026.03.01,160
2026-07-27,ss_jp_2026.02.26,139
2026-07-27,ss_jp_2026.02.23,126
2026-07-27,ss_jp_2026.02.21,77
2026-07-27,ss_jp_2026.02.20,101
2026-07-27,ss_jp_2026.02.19,64
2026-07-27,ss_jp_2026.02.12,172
2026-07-27,ss_jp_2026.02.10,74
2026-07-27,ss_jp_2026.02.05,151
2026-07-27,ss_jp_2026.02.02,121
2026-07-27,ss_jp_2026.01.30,150
2026-07-27,ss_jp_2026.01.29,83
2026-07-27,ss_jp_2026.01.28,76
2026-07-27,ss_jp_2026.01.27,60
2026-07-27,ss_jp_2026.01.24,81
2026-07-27,ss_jp_2025.12.09,506
2026-07-27,ss_jp_2025.11.24,1153
2026-07-27,ss_jp_2025.11.20,24
2026-07-27,ss_jp_2025.11.14,27
2026-07-27,ss_jp_2025.11.13,30
2026-07-28,TOTAL,7107
2026-07-28,ss_2026.07.17,328
2026-07-28,ss_2026.07.16,99
2026-07-28,ss_2026.07.14,151
2026-07-28,ss_2026.07.06,265
2026-07-28,ss_jp_2026.06.24,339
2026-07-28,ss_jp_2026.06.22,153
2026-07-28,ss_jp_2026.06.06,356
2026-07-28,ss_jp_2026.06.02,164
2026-07-28,ss_jp_2026.05.27,249
2026-07-28,ss_jp_2026.05.01,449
2026-07-28,ss_jp_2026.04.22,375
2026-07-28,ss_jp_2026.04.12,410
2026-07-28,ss_jp_2026.03.25,241
2026-07-28,ss_jp_2026.03.24,9
2026-07-28,ss_jp_2026.03.23,12
2026-07-28,ss_jp_2026.03.22,9
2026-07-28,ss_jp_2026.03.18,19
2026-07-28,ss_jp_2026.03.07,104
2026-07-28,ss_jp_2026.03.01,160
2026-07-28,ss_jp_2026.02.26,139
2026-07-28,ss_jp_2026.02.23,126
2026-07-28,ss_jp_2026.02.21,77
2026-07-28,ss_jp_2026.02.20,101
2026-07-28,ss_jp_2026.02.19,64
2026-07-28,ss_jp_2026.02.12,172
2026-07-28,ss_jp_2026.02.10,74
2026-07-28,ss_jp_2026.02.05,151
2026-07-28,ss_jp_2026.02.02,121
2026-07-28,ss_jp_2026.01.30,150
2026-07-28,ss_jp_2026.01.29,83
2026-07-28,ss_jp_2026.01.28,76
2026-07-28,ss_jp_2026.01.27,60
2026-07-28,ss_jp_2026.01.24,81
2026-07-28,ss_jp_2025.12.09,506
2026-07-28,ss_jp_2025.11.24,1153
2026-07-28,ss_jp_2025.11.20,24
2026-07-28,ss_jp_2025.11.14,27
2026-07-28,ss_jp_2025.11.13,30
2026-07-29,TOTAL,7114
2026-07-29,ss_2026.07.17,335
2026-07-29,ss_2026.07.16,99
2026-07-29,ss_2026.07.14,151
2026-07-29,ss_2026.07.06,265
2026-07-29,ss_jp_2026.06.24,339
2026-07-29,ss_jp_2026.06.22,153
2026-07-29,ss_jp_2026.06.06,356
2026-07-29,ss_jp_2026.06.02,164
2026-07-29,ss_jp_2026.05.27,249
2026-07-29,ss_jp_2026.05.01,449
2026-07-29,ss_jp_2026.04.22,375
2026-07-29,ss_jp_2026.04.12,410
2026-07-29,ss_jp_2026.03.25,241
2026-07-29,ss_jp_2026.03.24,9
2026-07-29,ss_jp_2026.03.23,12
2026-07-29,ss_jp_2026.03.22,9
2026-07-29,ss_jp_2026.03.18,19
2026-07-29,ss_jp_2026.03.07,104
2026-07-29,ss_jp_2026.03.01,160
2026-07-29,ss_jp_2026.02.26,139
2026-07-29,ss_jp_2026.02.23,126
2026-07-29,ss_jp_2026.02.21,77
2026-07-29,ss_jp_2026.02.20,101
2026-07-29,ss_jp_2026.02.19,64
2026-07-29,ss_jp_2026.02.12,172
2026-07-29,ss_jp_2026.02.10,74
2026-07-29,ss_jp_2026.02.05,151
2026-07-29,ss_jp_2026.02.02,121
2026-07-29,ss_jp_2026.01.30,150
2026-07-29,ss_jp_2026.01.29,83
2026-07-29,ss_jp_2026.01.28,76
2026-07-29,ss_jp_2026.01.27,60
2026-07-29,ss_jp_2026.01.24,81
2026-07-29,ss_jp_2025.12.09,506
2026-07-29,ss_jp_2025.11.24,1153
2026-07-29,ss_jp_2025.11.20,24
2026-07-29,ss_jp_2025.11.14,27
2026-07-29,ss_jp_2025.11.13,30
2026-07-30,TOTAL,7129
2026-07-30,ss_2026.07.17,350
2026-07-30,ss_2026.07.16,99
2026-07-30,ss_2026.07.14,151
2026-07-30,ss_2026.07.06,265
2026-07-30,ss_jp_2026.06.24,339
2026-07-30,ss_jp_2026.06.22,153
2026-07-30,ss_jp_2026.06.06,356
2026-07-30,ss_jp_2026.06.02,164
2026-07-30,ss_jp_2026.05.27,249
2026-07-30,ss_jp_2026.05.01,449
2026-07-30,ss_jp_2026.04.22,375
2026-07-30,ss_jp_2026.04.12,410
2026-07-30,ss_jp_2026.03.25,241
2026-07-30,ss_jp_2026.03.24,9
2026-07-30,ss_jp_2026.03.23,12
2026-07-30,ss_jp_2026.03.22,9
2026-07-30,ss_jp_2026.03.18,19
2026-07-30,ss_jp_2026.03.07,104
2026-07-30,ss_jp_2026.03.01,160
2026-07-30,ss_jp_2026.02.26,139
2026-07-30,ss_jp_2026.02.23,126
2026-07-30,ss_jp_2026.02.21,77
2026-07-30,ss_jp_2026.02.20,101
2026-07-30,ss_jp_2026.02.19,64
2026-07-30,ss_jp_2026.02.12,172
2026-07-30,ss_jp_2026.02.10,74
2026-07-30,ss_jp_2026.02.05,151
2026-07-30,ss_jp_2026.02.02,121
2026-07-30,ss_jp_2026.01.30,150
2026-07-30,ss_jp_2026.01.29,83
2026-07-30,ss_jp_2026.01.28,76
2026-07-30,ss_jp_2026.01.27,60
2026-07-30,ss_jp_2026.01.24,81
2026-07-30,ss_jp_2025.12.09,506
2026-07-30,ss_jp_2025.11.24,1153
2026-07-30,ss_jp_2025.11.20,24
2026-07-30,ss_jp_2025.11.14,27
2026-07-30,ss_jp_2025.11.13,30
2026-07-31,TOTAL,7140
2026-07-31,ss_2026.07.17,361
2026-07-31,ss_2026.07.16,99
2026-07-31,ss_2026.07.14,151
2026-07-31,ss_2026.07.06,265
2026-07-31,ss_jp_2026.06.24,339
2026-07-31,ss_jp_2026.06.22,153
2026-07-31,ss_jp_2026.06.06,356
2026-07-31,ss_jp_2026.06.02,164
2026-07-31,ss_jp_2026.05.27,249
2026-07-31,ss_jp_2026.05.01,449
2026-07-31,ss_jp_2026.04.22,375
2026-07-31,ss_jp_2026.04.12,410
2026-07-31,ss_jp_2026.03.25,241
2026-07-31,ss_jp_2026.03.24,9
2026-07-31,ss_jp_2026.03.23,12
2026-07-31,ss_jp_2026.03.22,9
2026-07-31,ss_jp_2026.03.18,19
2026-07-31,ss_jp_2026.03.07,104
2026-07-31,ss_jp_2026.03.01,160
2026-07-31,ss_jp_2026.02.26,139
2026-07-31,ss_jp_2026.02.23,126
2026-07-31,ss_jp_2026.02.21,77
2026-07-31,ss_jp_2026.02.20,101
2026-07-31,ss_jp_2026.02.19,64
2026-07-31,ss_jp_2026.02.12,172
2026-07-31,ss_jp_2026.02.10,74
2026-07-31,ss_jp_2026.02.05,151
2026-07-31,ss_jp_2026.02.02,121
2026-07-31,ss_jp_2026.01.30,150
2026-07-31,ss_jp_2026.01.29,83
2026-07-31,ss_jp_2026.01.28,76
2026-07-31,ss_jp_2026.01.27,60
2026-07-31,ss_jp_2026.01.24,81
2026-07-31,ss_jp_2025.12.09,506
2026-07-31,ss_jp_2025.11.24,1153
2026-07-31,ss_jp_2025.11.20,24
2026-07-31,ss_jp_2025.11.14,27
2026-07-31,ss_jp_2025.11.13,30
2026-08-01,TOTAL,7151
2026-08-01,ss_2026.07.17,372
2026-08-01,ss_2026.07.16,99
2026-08-01,ss_2026.07.14,151
2026-08-01,ss_2026.07.06,265
2026-08-01,ss_jp_2026.06.24,339
2026-08-01,ss_jp_2026.06.22,153
2026-08-01,ss_jp_2026.06.06,356
2026-08-01,ss_jp_2026.06.02,164
2026-08-01,ss_jp_2026.05.27,249
2026-08-01,ss_jp_2026.05.01,449
2026-08-01,ss_jp_2026.04.22,375
2026-08-01,ss_jp_2026.04.12,410
2026-08-01,ss_jp_2026.03.25,241
2026-08-01,ss_jp_2026.03.24,9
2026-08-01,ss_jp_2026.03.23,12
2026-08-01,ss_jp_2026.03.22,9
2026-08-01,ss_jp_2026.03.18,19
2026-08-01,ss_jp_2026.03.07,104
2026-08-01,ss_jp_2026.03.01,160
2026-08-01,ss_jp_2026.02.26,139
2026-08-01,ss_jp_2026.02.23,126
2026-08-01,ss_jp_2026.02.21,77
2026-08-01,ss_jp_2026.02.20,101
2026-08-01,ss_jp_2026.02.19,64
2026-08-01,ss_jp_2026.02.12,172
2026-08-01,ss_jp_2026.02.10,74
2026-08-01,ss_jp_2026.02.05,151
2026-08-01,ss_jp_2026.02.02,121
2026-08-01,ss_jp_2026.01.30,150
2026-08-01,ss_jp_2026.01.29,83
2026-08-01,ss_jp_2026.01.28,76
2026-08-01,ss_jp_2026.01.27,60
2026-08-01,ss_jp_2026.01.24,81
2026-08-01,ss_jp_2025.12.09,506
2026-08-01,ss_jp_2025.11.24,1153
2026-08-01,ss_jp_2025.11.20,24
2026-08-01,ss_jp_2025.11.14,27
2026-08-01,ss_jp_2025.11.13,30
2026-08-02,TOTAL,7198
2026-08-02,ss_2026.07.17,382
2026-08-02,ss_2026.07.16,100
2026-08-02,ss_2026.07.14,152
2026-08-02,ss_2026.07.06,266
2026-08-02,ss_jp_2026.06.24,340
2026-08-02,ss_jp_2026.06.22,154
2026-08-02,ss_jp_2026.06.06,357
2026-08-02,ss_jp_2026.06.02,165
2026-08-02,ss_jp_2026.05.27,250
2026-08-02,ss_jp_2026.05.01,450
2026-08-02,ss_jp_2026.04.22,376
2026-08-02,ss_jp_2026.04.12,411
2026-08-02,ss_jp_2026.03.25,242
2026-08-02,ss_jp_2026.03.24,10
2026-08-02,ss_jp_2026.03.23,13
2026-08-02,ss_jp_2026.03.22,10
2026-08-02,ss_jp_2026.03.18,20
2026-08-02,ss_jp_2026.03.07,105
2026-08-02,ss_jp_2026.03.01,161
2026-08-02,ss_jp_2026.02.26,140
2026-08-02,ss_jp_2026.02.23,127
2026-08-02,ss_jp_2026.02.21,78
2026-08-02,ss_jp_2026.02.20,102
2026-08-02,ss_jp_2026.02.19,65
2026-08-02,ss_jp_2026.02.12,173
2026-08-02,ss_jp_2026.02.10,75
2026-08-02,ss_jp_2026.02.05,152
2026-08-02,ss_jp_2026.02.02,122
2026-08-02,ss_jp_2026.01.30,151
2026-08-02,ss_jp_2026.01.29,84
2026-08-02,ss_jp_2026.01.28,77
2026-08-02,ss_jp_2026.01.27,61
2026-08-02,ss_jp_2026.01.24,82
2026-08-02,ss_jp_2025.12.09,507
2026-08-02,ss_jp_2025.11.24,1154
2026-08-02,ss_jp_2025.11.20,25
2026-08-02,ss_jp_2025.11.14,28
2026-08-02,ss_jp_2025.11.13,31
2026-08-03,TOTAL,7202
2026-08-03,ss_2026.07.17,386
2026-08-03,ss_2026.07.16,100
2026-08-03,ss_2026.07.14,152
2026-08-03,ss_2026.07.06,266
2026-08-03,ss_jp_2026.06.24,340
2026-08-03,ss_jp_2026.06.22,154
2026-08-03,ss_jp_2026.06.06,357
2026-08-03,ss_jp_2026.06.02,165
2026-08-03,ss_jp_2026.05.27,250
2026-08-03,ss_jp_2026.05.01,450
2026-08-03,ss_jp_2026.04.22,376
2026-08-03,ss_jp_2026.04.12,411
2026-08-03,ss_jp_2026.03.25,242
2026-08-03,ss_jp_2026.03.24,10
2026-08-03,ss_jp_2026.03.23,13
2026-08-03,ss_jp_2026.03.22,10
2026-08-03,ss_jp_2026.03.18,20
2026-08-03,ss_jp_2026.03.07,105
2026-08-03,ss_jp_2026.03.01,161
2026-08-03,ss_jp_2026.02.26,140
2026-08-03,ss_jp_2026.02.23,127
2026-08-03,ss_jp_2026.02.21,78
2026-08-03,ss_jp_2026.02.20,102
2026-08-03,ss_jp_2026.02.19,65
2026-08-03,ss_jp_2026.02.12,173
2026-08-03,ss_jp_2026.02.10,75
2026-08-03,ss_jp_2026.02.05,152
2026-08-03,ss_jp_2026.02.02,122
2026-08-03,ss_jp_2026.01.30,151
2026-08-03,ss_jp_2026.01.29,84
2026-08-03,ss_jp_2026.01.28,77
2026-08-03,ss_jp_2026.01.27,61
2026-08-03,ss_jp_2026.01.24,82
2026-08-03,ss_jp_2025.12.09,507
2026-08-03,ss_jp_2025.11.24,1154
2026-08-03,ss_jp_2025.11.20,25
2026-08-03,ss_jp_2025.11.14,28
2026-08-03,ss_jp_2025.11.13,31
2026-08-04,TOTAL,7211
2026-08-04,ss_2026.07.17,394
2026-08-04,ss_2026.07.16,100
2026-08-04,ss_2026.07.14,152
2026-08-04,ss_2026.07.06,266
2026-08-04,ss_jp_2026.06.24,340
2026-08-04,ss_jp_2026.06.22,154
2026-08-04,ss_jp_2026.06.06,358
2026-08-04,ss_jp_2026.06.02,165
2026-08-04,ss_jp_2026.05.27,250
2026-08-04,ss_jp_2026.05.01,450
2026-08-04,ss_jp_2026.04.22,376
2026-08-04,ss_jp_2026.04.12,411
2026-08-04,ss_jp_2026.03.25,242
2026-08-04,ss_jp_2026.03.24,10
2026-08-04,ss_jp_2026.03.23,13
2026-08-04,ss_jp_2026.03.22,10
2026-08-04,ss_jp_2026.03.18,20
2026-08-04,ss_jp_2026.03.07,105
2026-08-04,ss_jp_2026.03.01,161
2026-08-04,ss_jp_2026.02.26,140
2026-08-04,ss_jp_2026.02.23,127
2026-08-04,ss_jp_2026.02.21,78
2026-08-04,ss_jp_2026.02.20,102
2026-08-04,ss_jp_2026.02.19,65
2026-08-04,ss_jp_2026.02.12,173
2026-08-04,ss_jp_2026.02.10,75
2026-08-04,ss_jp_2026.02.05,152
2026-08-04,ss_jp_2026.02.02,122
2026-08-04,ss_jp_2026.01.30,151
2026-08-04,ss_jp_2026.01.29,84
2026-08-04,ss_jp_2026.01.28,77
2026-08-04,ss_jp_2026.01.27,61
2026-08-04,ss_jp_2026.01.24,82
2026-08-04,ss_jp_2025.12.09,507
2026-08-04,ss_jp_2025.11.24,1154
2026-08-04,ss_jp_2025.11.20,25
2026-08-04,ss_jp_2025.11.14,28
2026-08-04,ss_jp_2025.11.13,31
2026-08-05,TOTAL,7231
2026-08-05,ss_2026.07.17,413
2026-08-05,ss_2026.07.16,100
2026-08-05,ss_2026.07.14,152
2026-08-05,ss_2026.07.06,267
2026-08-05,ss_jp_2026.06.24,340
2026-08-05,ss_jp_2026.06.22,154
2026-08-05,ss_jp_2026.06.06,358
2026-08-05,ss_jp_2026.06.02,165
2026-08-05,ss_jp_2026.05.27,250
2026-08-05,ss_jp_2026.05.01,450
2026-08-05,ss_jp_2026.04.22,376
2026-08-05,ss_jp_2026.04.12,411
2026-08-05,ss_jp_2026.03.25,242
2026-08-05,ss_jp_2026.03.24,10
2026-08-05,ss_jp_2026.03.23,13
2026-08-05,ss_jp_2026.03.22,10
2026-08-05,ss_jp_2026.03.18,20
2026-08-05,ss_jp_2026.03.07,105
2026-08-05,ss_jp_2026.03.01,161
2026-08-05,ss_jp_2026.02.26,140
2026-08-05,ss_jp_2026.02.23,127
2026-08-05,ss_jp_2026.02.21,78
2026-08-05,ss_jp_2026.02.20,102
2026-08-05,ss_jp_2026.02.19,65
2026-08-05,ss_jp_2026.02.12,173
2026-08-05,ss_jp_2026.02.10,75
2026-08-05,ss_jp_2026.02.05,152
2026-08-05,ss_jp_2026.02.02,122
2026-08-05,ss_jp_2026.01.30,151
2026-08-05,ss_jp_2026.01.29,84
2026-08-05,ss_jp_2026.01.28,77
2026-08-05,ss_jp_2026.01.27,61
2026-08-05,ss_jp_2026.01.24,82
2026-08-05,ss_jp_2025.12.09,507
2026-08-05,ss_jp_2025.11.24,1154
2026-08-05,ss_jp_2025.11.20,25
2026-08-05,ss_jp_2025.11.14,28
2026-08-05,ss_jp_2025.11.13,31
2026-08-06,TOTAL,7241
2026-08-06,ss_2026.07.17,423
2026-08-06,ss_2026.07.16,100
2026-08-06,ss_2026.07.14,152
2026-08-06,ss_2026.07.06,267
2026-08-06,ss_jp_2026.06.24,340
2026-08-06,ss_jp_2026.06.22,154
2026-08-06,ss_jp_2026.06.06,358
2026-08-06,ss_jp_2026.06.02,165
2026-08-06,ss_jp_2026.05.27,250
2026-08-06,ss_jp_2026.05.01,450
2026-08-06,ss_jp_2026.04.22,376
2026-08-06,ss_jp_2026.04.12,411
2026-08-06,ss_jp_2026.03.25,242
2026-08-06,ss_jp_2026.03.24,10
2026-08-06,ss_jp_2026.03.23,13
2026-08-06,ss_jp_2026.03.22,10
2026-08-06,ss_jp_2026.03.18,20
2026-08-06,ss_jp_2026.03.07,105
2026-08-06,ss_jp_2026.03.01,161
2026-08-06,ss_jp_2026.02.26,140
2026-08-06,ss_jp_2026.02.23,127
2026-08-06,ss_jp_2026.02.21,78
2026-08-06,ss_jp_2026.02.20,102
2026-08-06,ss_jp_2026.02.19,65
2026-08-06,ss_jp_2026.02.12,173
2026-08-06,ss_jp_2026.02.10,75
2026-08-06,ss_jp_2026.02.05,152
2026-08-06,ss_jp_2026.02.02,122
2026-08-06,ss_jp_2026.01.30,151
2026-08-06,ss_jp_2026.01.29,84
2026-08-06,ss_jp_2026.01.28,77
2026-08-06,ss_jp_2026.01.27,61
2026-08-06,ss_jp_2026.01.24,82
2026-08-06,ss_jp_2025.12.09,507
2026-08-06,ss_jp_2025.11.24,1154
2026-08-06,ss_jp_2025.11.20,25
2026-08-06,ss_jp_2025.11.14,28
2026-08-06,ss_jp_2025.11.13,31
2026-08-07,TOTAL,7253
2026-08-07,ss_2026.07.17,431
2026-08-07,ss_2026.07.16,102
2026-08-07,ss_2026.07.14,152
2026-08-07,ss_2026.07.06,267
2026-08-07,ss_jp_2026.06.24,342
2026-08-07,ss_jp_2026.06.22,154
2026-08-07,ss_jp_2026.06.06,358
2026-08-07,ss_jp_2026.06.02,165
2026-08-07,ss_jp_2026.05.27,250
2026-08-07,ss_jp_2026.05.01,450
2026-08-07,ss_jp_2026.04.22,376
2026-08-07,ss_jp_2026.04.12,411
2026-08-07,ss_jp_2026.03.25,242
2026-08-07,ss_jp_2026.03.24,10
2026-08-07,ss_jp_2026.03.23,13
2026-08-07,ss_jp_2026.03.22,10
2026-08-07,ss_jp_2026.03.18,20
2026-08-07,ss_jp_2026.03.07,105
2026-08-07,ss_jp_2026.03.01,161
2026-08-07,ss_jp_2026.02.26,140
2026-08-07,ss_jp_2026.02.23,127
2026-08-07,ss_jp_2026.02.21,78
2026-08-07,ss_jp_2026.02.20,102
2026-08-07,ss_jp_2026.02.19,65
2026-08-07,ss_jp_2026.02.12,173
2026-08-07,ss_jp_2026.02.10,75
2026-08-07,ss_jp_2026.02.05,152
2026-08-07,ss_jp_2026.02.02,122
2026-08-07,ss_jp_2026.01.30,151
2026-08-07,ss_jp_2026.01.29,84
2026-08-07,ss_jp_2026.01.28,77
2026-08-07,ss_jp_2026.01.27,61
2026-08-07,ss_jp_2026.01.24,82
2026-08-07,ss_jp_2025.12.09,507
2026-08-07,ss_jp_2025.11.24,1154
2026-08-07,ss_jp_2025.11.20,25
2026-08-07,ss_jp_2025.11.14,28
2026-08-07,ss_jp_2025.11.13,31
2026-08-08,TOTAL,7269
2026-08-08,ss_2026.07.17,447
2026-08-08,ss_2026.07.16,102
2026-08-08,ss_2026.07.14,152
2026-08-08,ss_2026.07.06,267
2026-08-08,ss_jp_2026.06.24,342
2026-08-08,ss_jp_2026.06.22,154
2026-08-08,ss_jp_2026.06.06,358
2026-08-08,ss_jp_2026.06.02,165
2026-08-08,ss_jp_2026.05.27,250
2026-08-08,ss_jp_2026.05.01,450
2026-08-08,ss_jp_2026.04.22,376
2026-08-08,ss_jp_2026.04.12,411
2026-08-08,ss_jp_2026.03.25,242
2026-08-08,ss_jp_2026.03.24,10
2026-08-08,ss_jp_2026.03.23,13
2026-08-08,ss_jp_2026.03.22,10
2026-08-08,ss_jp_2026.03.18,20
2026-08-08,ss_jp_2026.03.07,105
2026-08-08,ss_jp_2026.03.01,161
2026-08-08,ss_jp_2026.02.26,140
2026-08-08,ss_jp_2026.02.23,127
2026-08-08,ss_jp_2026.02.21,78
2026-08-08,ss_jp_2026.02.20,102
2026-08-08,ss_jp_2026.02.19,65
2026-08-08,ss_jp_2026.02.12,173
2026-08-08,ss_jp_2026.02.10,75
2026-08-08,ss_jp_2026.02.05,152
2026-08-08,ss_jp_2026.02.02,122
2026-08-08,ss_jp_2026.01.30,151
2026-08-08,ss_jp_2026.01.29,84
2026-08-08,ss_jp_2026.01.28,77
2026-08-08,ss_jp_2026.01.27,61
2026-08-08,ss_jp_2026.01.24,82
2026-08-08,ss_jp_2025.12.09,507
2026-08-08,ss_jp_2025.11.24,1154
2026-08-08,ss_jp_2025.11.20,25
2026-08-08,ss_jp_2025.11.14,28
2026-08-08,ss_jp_2025.11.13,31
2026-08-09,TOTAL,7278
2026-08-09,ss_2026.07.17,456
2026-08-09,ss_2026.07.16,102
2026-08-09,ss_2026.07.14,152
2026-08-09,ss_2026.07.06,267
2026-08-09,ss_jp_2026.06.24,342
2026-08-09,ss_jp_2026.06.22,154
2026-08-09,ss_jp_2026.06.06,358
2026-08-09,ss_jp_2026.06.02,165
2026-08-09,ss_jp_2026.05.27,250
2026-08-09,ss_jp_2026.05.01,450
2026-08-09,ss_jp_2026.04.22,376
2026-08-09,ss_jp_2026.04.12,411
2026-08-09,ss_jp_2026.03.25,242
2026-08-09,ss_jp_2026.03.24,10
2026-08-09,ss_jp_2026.03.23,13
2026-08-09,ss_jp_2026.03.22,10
2026-08-09,ss_jp_2026.03.18,20
2026-08-09,ss_jp_2026.03.07,105
2026-08-09,ss_jp_2026.03.01,161
2026-08-09,ss_jp_2026.02.26,140
2026-08-09,ss_jp_2026.02.23,127
2026-08-09,ss_jp_2026.02.21,78
2026-08-09,ss_jp_2026.02.20,102
2026-08-09,ss_jp_2026.02.19,65
2026-08-09,ss_jp_2026.02.12,173
2026-08-09,ss_jp_2026.02.10,75
2026-08-09,ss_jp_2026.02.05,152
2026-08-09,ss_jp_2026.02.02,122
2026-08-09,ss_jp_2026.01.30,151
2026-08-09,ss_jp_2026.01.29,84
2026-08-09,ss_jp_2026.01.28,77
2026-08-09,ss_jp_2026.01.27,61
2026-08-09,ss_jp_2026.01.24,82
2026-08-09,ss_jp_2025.12.09,507
2026-08-09,ss_jp_2025.11.24,1154
2026-08-09,ss_jp_2025.11.20,25
2026-08-09,ss_jp_2025.11.14,28
2026-08-09,ss_jp_2025.11.13,31
2026-08-10,TOTAL,7285
2026-08-10,ss_2026.07.17,462
2026-08-10,ss_2026.07.16,102
2026-08-10,ss_2026.07.14,152
2026-08-10,ss_2026.07.06,267
2026-08-10,ss_jp_2026.06.24,343
2026-08-10,ss_jp_2026.06.22,154
2026-08-10,ss_jp_2026.06.06,358
2026-08-10,ss_jp_2026.06.02,165
2026-08-10,ss_jp_2026.05.27,250
2026-08-10,ss_jp_2026.05.01,450
2026-08-10,ss_jp_2026.04.22,376
2026-08-10,ss_jp_2026.04.12,411
2026-08-10,ss_jp_2026.03.25,242
2026-08-10,ss_jp_2026.03.24,10
2026-08-10,ss_jp_2026.03.23,13
2026-08-10,ss_jp_2026.03.22,10
2026-08-10,ss_jp_2026.03.18,20
2026-08-10,ss_jp_2026.03.07,105
2026-08-10,ss_jp_2026.03.01,161
2026-08-10,ss_jp_2026.02.26,140
2026-08-10,ss_jp_2026.02.23,127
2026-08-10,ss_jp_2026.02.21,78
2026-08-10,ss_jp_2026.02.20,102
2026-08-10,ss_jp_2026.02.19,65
2026-08-10,ss_jp_2026.02.12,173
2026-08-10,ss_jp_2026.02.10,75
2026-08-10,ss_jp_2026.02.05,152
2026-08-10,ss_jp_2026.02.02,122
2026-08-10,ss_jp_2026.01.30,151
2026-08-10,ss_jp_2026.01.29,84
2026-08-10,ss_jp_2026.01.28,77
2026-08-10,ss_jp_2026.01.27,61
2026-08-10,ss_jp_2026.01.24,82
2026-08-10,ss_jp_2025.12.09,507
2026-08-10,ss_jp_2025.11.24,1154
2026-08-10,ss_jp_2025.11.20,25
2026-08-10,ss_jp_2025.11.14,28
2026-08-10,ss_jp_2025.11.13,31
2026-08-11,TOTAL,7319
2026-08-11,ss_2026.07.17,492
2026-08-11,ss_2026.07.16,102
2026-08-11,ss_2026.07.14,154
2026-08-11,ss_2026.07.06,268
2026-08-11,ss_jp_2026.06.24,343
2026-08-11,ss_jp_2026.06.22,154
2026-08-11,ss_jp_2026.06.06,359
2026-08-11,ss_jp_2026.06.02,165
2026-08-11,ss_jp_2026.05.27,250
2026-08-11,ss_jp_2026.05.01,450
2026-08-11,ss_jp_2026.04.22,376
2026-08-11,ss_jp_2026.04.12,411
2026-08-11,ss_jp_2026.03.25,242
2026-08-11,ss_jp_2026.03.24,10
2026-08-11,ss_jp_2026.03.23,13
2026-08-11,ss_jp_2026.03.22,10
2026-08-11,ss_jp_2026.03.18,20
2026-08-11,ss_jp_2026.03.07,105
2026-08-11,ss_jp_2026.03.01,161
2026-08-11,ss_jp_2026.02.26,140
2026-08-11,ss_jp_2026.02.23,127
2026-08-11,ss_jp_2026.02.21,78
2026-08-11,ss_jp_2026.02.20,102
2026-08-11,ss_jp_2026.02.19,65
2026-08-11,ss_jp_2026.02.12,173
2026-08-11,ss_jp_2026.02.10,75
2026-08-11,ss_jp_2026.02.05,152
2026-08-11,ss_jp_2026.02.02,122
2026-08-11,ss_jp_2026.01.30,151
2026-08-11,ss_jp_2026.01.29,84
2026-08-11,ss_jp_2026.01.28,77
2026-08-11,ss_jp_2026.01.27,61
2026-08-11,ss_jp_2026.01.24,82
2026-08-11,ss_jp_2025.12.09,507
2026-08-11,ss_jp_2025.11.24,1154
2026-08-11,ss_jp_2025.11.20,25
2026-08-11,ss_jp_2025.11.14,28
2026-08-11,ss_jp_2025.11.13,31
2026-08-12,TOTAL,7333
2026-08-12,ss_2026.07.17,506
2026-08-12,ss_2026.07.16,102
2026-08-12,ss_2026.07.14,154
2026-08-12,ss_2026.07.06,268
2026-08-12,ss_jp_2026.06.24,343
2026-08-12,ss_jp_2026.06.22,154
2026-08-12,ss_jp_2026.06.06,359
2026-08-12,ss_jp_2026.06.02,165
2026-08-12,ss_jp_2026.05.27,250
2026-08-12,ss_jp_2026.05.01,450
2026-08-12,ss_jp_2026.04.22,376
2026-08-12,ss_jp_2026.04.12,411
2026-08-12,ss_jp_2026.03.25,242
2026-08-12,ss_jp_2026.03.24,10
2026-08-12,ss_jp_2026.03.23,13
2026-08-12,ss_jp_2026.03.22,10
2026-08-12,ss_jp_2026.03.18,20
2026-08-12,ss_jp_2026.03.07,105
2026-08-12,ss_jp_2026.03.01,161
2026-08-12,ss_jp_2026.02.26,140
2026-08-12,ss_jp_2026.02.23,127
2026-08-12,ss_jp_2026.02.21,78
2026-08-12,ss_jp_2026.02.20,102
2026-08-12,ss_jp_2026.02.19,65
2026-08-12,ss_jp_2026.02.12,173
2026-08-12,ss_jp_2026.02.10,75
2026-08-12,ss_jp_2026.02.05,152
2026-08-12,ss_jp_2026.02.02,122
2026-08-12,ss_jp_2026.01.30,151
2026-08-12,ss_jp_2026.01.29,84
2026-08-12,ss_jp_2026.01.28,77
2026-08-12,ss_jp_2026.01.27,61
2026-08-12,ss_jp_2026.01.24,82
2026-08-12,ss_jp_2025.12.09,507
2026-08-12,ss_jp_2025.11.24,1154
2026-08-12,ss_jp_2025.11.20,25
2026-08-12,ss_jp_2025.11.14,28
2026-08-12,ss_jp_2025.11.13,31
2026-08-13,TOTAL,7359
2026-08-13,ss_2026.08.12,14
2026-08-13,ss_2026.07.17,518
2026-08-13,ss_2026.07.16,102
2026-08-13,ss_2026.07.14,154
2026-08-13,ss_2026.07.06,268
2026-08-13,ss_jp_2026.06.24,343
2026-08-13,ss_jp_2026.06.22,154
2026-08-13,ss_jp_2026.06.06,359
2026-08-13,ss_jp_2026.06.02,165
2026-08-13,ss_jp_2026.05.27,250
2026-08-13,ss_jp_2026.05.01,450
2026-08-13,ss_jp_2026.04.22,376
2026-08-13,ss_jp_2026.04.12,411
2026-08-13,ss_jp_2026.03.25,242
2026-08-13,ss_jp_2026.03.24,10
2026-08-13,ss_jp_2026.03.23,13
2026-08-13,ss_jp_2026.03.22,10
2026-08-13,ss_jp_2026.03.18,20
2026-08-13,ss_jp_2026.03.07,105
2026-08-13,ss_jp_2026.03.01,161
2026-08-13,ss_jp_2026.02.26,140
2026-08-13,ss_jp_2026.02.23,127
2026-08-13,ss_jp_2026.02.21,78
2026-08-13,ss_jp_2026.02.20,102
2026-08-13,ss_jp_2026.02.19,65
2026-08-13,ss_jp_2026.02.12,173
2026-08-13,ss_jp_2026.02.10,75
2026-08-13,ss_jp_2026.02.05,152
2026-08-13,ss_jp_2026.02.02,122
2026-08-13,ss_jp_2026.01.30,151
2026-08-13,ss_jp_2026.01.29,84
2026-08-13,ss_jp_2026.01.28,77
2026-08-13,ss_jp_2026.01.27,61
2026-08-13,ss_jp_2026.01.24,82
2026-08-13,ss_jp_2025.12.09,507
2026-08-13,ss_jp_2025.11.24,1154
2026-08-13,ss_jp_2025.11.20,25
2026-08-13,ss_jp_2025.11.14,28
2026-08-13,ss_jp_2025.11.13,31
2026-08-14,TOTAL,7452
2026-08-14,ss_2026.08.12,107
2026-08-14,ss_2026.07.17,518
2026-08-14,ss_2026.07.16,102
2026-08-14,ss_2026.07.14,154
2026-08-14,ss_2026.07.06,268
2026-08-14,ss_jp_2026.06.24,343
2026-08-14,ss_jp_2026.06.22,154
2026-08-14,ss_jp_2026.06.06,359
2026-08-14,ss_jp_2026.06.02,165
2026-08-14,ss_jp_2026.05.27,250
2026-08-14,ss_jp_2026.05.01,450
2026-08-14,ss_jp_2026.04.22,376
2026-08-14,ss_jp_2026.04.12,411
2026-08-14,ss_jp_2026.03.25,242
2026-08-14,ss_jp_2026.03.24,10
2026-08-14,ss_jp_2026.03.23,13
2026-08-14,ss_jp_2026.03.22,10
2026-08-14,ss_jp_2026.03.18,20
2026-08-14,ss_jp_2026.03.07,105
2026-08-14,ss_jp_2026.03.01,161
2026-08-14,ss_jp_2026.02.26,140
2026-08-14,ss_jp_2026.02.23,127
2026-08-14,ss_jp_2026.02.21,78
2026-08-14,ss_jp_2026.02.20,102
2026-08-14,ss_jp_2026.02.19,65
2026-08-14,ss_jp_2026.02.12,173
2026-08-14,ss_jp_2026.02.10,75
2026-08-14,ss_jp_2026.02.05,152
2026-08-14,ss_jp_2026.02.02,122
2026-08-14,ss_jp_2026.01.30,151
2026-08-14,ss_jp_2026.01.29,84
2026-08-14,ss_jp_2026.01.28,77
2026-08-14,ss_jp_2026.01.27,61
2026-08-14,ss_jp_2026.01.24,82
2026-08-14,ss_jp_2025.12.09,507
2026-08-14,ss_jp_2025.11.24,1154
2026-08-14,ss_jp_2025.11.20,25
2026-08-14,ss_jp_2025.11.14,28
2026-08-14,ss_jp_2025.11.13,31
2026-08-15,TOTAL,7479
2026-08-15,ss_2026.08.12,134
2026-08-15,ss_2026.07.17,518
2026-08-15,ss_2026.07.16,102
2026-08-15,ss_2026.07.14,154
2026-08-15,ss_2026.07.06,268
2026-08-15,ss_jp_2026.06.24,343
2026-08-15,ss_jp_2026.06.22,154
2026-08-15,ss_jp_2026.06.06,359
2026-08-15,ss_jp_2026.06.02,165
2026-08-15,ss_jp_2026.05.27,250
2026-08-15,ss_jp_2026.05.01,450
2026-08-15,ss_jp_2026.04.22,376
2026-08-15,ss_jp_2026.04.12,411
2026-08-15,ss_jp_2026.03.25,242
2026-08-15,ss_jp_2026.03.24,10
2026-08-15,ss_jp_2026.03.23,13
2026-08-15,ss_jp_2026.03.22,10
2026-08-15,ss_jp_2026.03.18,20
2026-08-15,ss_jp_2026.03.07,105
2026-08-15,ss_jp_2026.03.01,161
2026-08-15,ss_jp_2026.02.26,140
2026-08-15,ss_jp_2026.02.23,127
2026-08-15,ss_jp_2026.02.21,78
2026-08-15,ss_jp_2026.02.20,102
2026-08-15,ss_jp_2026.02.19,65
2026-08-15,ss_jp_2026.02.12,173
2026-08-15,ss_jp_2026.02.10,75
2026-08-15,ss_jp_2026.02.05,152
2026-08-15,ss_jp_2026.02.02,122
2026-08-15,ss_jp_2026.01.30,151
2026-08-15,ss_jp_2026.01.29,84
2026-08-15,ss_jp_2026.01.28,77
2026-08-15,ss_jp_2026.01.27,61
2026-08-15,ss_jp_2026.01.24,82
2026-08-15,ss_jp_2025.12.09,507
2026-08-15,ss_jp_2025.11.24,1154
2026-08-15,ss_jp_2025.11.20,25
2026-08-15,ss_jp_2025.11.14,28
2026-08-15,ss_jp_2025.11.13,31
2026-08-16,TOTAL,7496
2026-08-16,ss_2026.08.12,150
2026-08-16,ss_2026.07.17,518
2026-08-16,ss_2026.07.16,102
2026-08-16,ss_2026.07.14,154
2026-08-16,ss_2026.07.06,268
2026-08-16,ss_jp_2026.06.24,343
2026-08-16,ss_jp_2026.06.22,154
2026-08-16,ss_jp_2026.06.06,359
2026-08-16,ss_jp_2026.06.02,165
2026-08-16,ss_jp_2026.05.27,250
2026-08-16,ss_jp_2026.05.01,450
2026-08-16,ss_jp_2026.04.22,376
2026-08-16,ss_jp_2026.04.12,411
2026-08-16,ss_jp_2026.03.25,242
2026-08-16,ss_jp_2026.03.24,10
2026-08-16,ss_jp_2026.03.23,13
2026-08-16,ss_jp_2026.03.22,11
2026-08-16,ss_jp_2026.03.18,20
2026-08-16,ss_jp_2026.03.07,105
2026-08-16,ss_jp_2026.03.01,161
2026-08-16,ss_jp_2026.02.26,140
2026-08-16,ss_jp_2026.02.23,127
2026-08-16,ss_jp_2026.02.21,78
2026-08-16,ss_jp_2026.02.20,102
2026-08-16,ss_jp_2026.02.19,65
2026-08-16,ss_jp_2026.02.12,173
2026-08-16,ss_jp_2026.02.10,75
2026-08-16,ss_jp_2026.02.05,152
2026-08-16,ss_jp_2026.02.02,122
2026-08-16,ss_jp_2026.01.30,151
2026-08-16,ss_jp_2026.01.29,84
2026-08-16,ss_jp_2026.01.28,77
2026-08-16,ss_jp_2026.01.27,61
2026-08-16,ss_jp_2026.01.24,82
2026-08-16,ss_jp_2025.12.09,507
2026-08-16,ss_jp_2025.11.24,1154
2026-08-16,ss_jp_2025.11.20,25
2026-08-16,ss_jp_2025.11.14,28
2026-08-16,ss_jp_2025.11.13,31
2026-08-17,TOTAL,7514
2026-08-17,ss_2026.08.12,166
2026-08-17,ss_2026.07.17,519
2026-08-17,ss_2026.07.16,102
2026-08-17,ss_2026.07.14,154
2026-08-17,ss_2026.07.06,268
2026-08-17,ss_jp_2026.06.24,343
2026-08-17,ss_jp_2026.06.22,154
2026-08-17,ss_jp_2026.06.06,359
2026-08-17,ss_jp_2026.06.02,165
2026-08-17,ss_jp_2026.05.27,250
2026-08-17,ss_jp_2026.05.01,450
2026-08-17,ss_jp_2026.04.22,376
2026-08-17,ss_jp_2026.04.12,411
2026-08-17,ss_jp_2026.03.25,242
2026-08-17,ss_jp_2026.03.24,10
2026-08-17,ss_jp_2026.03.23,13
2026-08-17,ss_jp_2026.03.22,11
2026-08-17,ss_jp_2026.03.18,20
2026-08-17,ss_jp_2026.03.07,105
2026-08-17,ss_jp_2026.03.01,161
2026-08-17,ss_jp_2026.02.26,140
2026-08-17,ss_jp_2026.02.23,127
2026-08-17,ss_jp_2026.02.21,78
2026-08-17,ss_jp_2026.02.20,102
2026-08-17,ss_jp_2026.02.19,65
2026-08-17,ss_jp_2026.02.12,174
2026-08-17,ss_jp_2026.02.10,75
2026-08-17,ss_jp_2026.02.05,152
2026-08-17,ss_jp_2026.02.02,122
2026-08-17,ss_jp_2026.01.30,151
2026-08-17,ss_jp_2026.01.29,84
2026-08-17,ss_jp_2026.01.28,77
2026-08-17,ss_jp_2026.01.27,61
2026-08-17,ss_jp_2026.01.24,82
2026-08-17,ss_jp_2025.12.09,507
2026-08-17,ss_jp_2025.11.24,1154
2026-08-17,ss_jp_2025.11.20,25
2026-08-17,ss_jp_2025.11.14,28
2026-08-17,ss_jp_2025.11.13,31
2026-08-18,TOTAL,7534
2026-08-18,ss_2026.08.12,185
2026-08-18,ss_2026.07.17,519
2026-08-18,ss_2026.07.16,102
2026-08-18,ss_2026.07.14,154
2026-08-18,ss_2026.07.06,268
2026-08-18,ss_jp_2026.06.24,343
2026-08-18,ss_jp_2026.06.22,154
2026-08-18,ss_jp_2026.06.06,360
2026-08-18,ss_jp_2026.06.02,165
2026-08-18,ss_jp_2026.05.27,250
2026-08-18,ss_jp_2026.05.01,450
2026-08-18,ss_jp_2026.04.22,376
2026-08-18,ss_jp_2026.04.12,411
2026-08-18,ss_jp_2026.03.25,242
2026-08-18,ss_jp_2026.03.24,10
2026-08-18,ss_jp_2026.03.23,13
2026-08-18,ss_jp_2026.03.22,11
2026-08-18,ss_jp_2026.03.18,20
2026-08-18,ss_jp_2026.03.07,105
2026-08-18,ss_jp_2026.03.01,161
2026-08-18,ss_jp_2026.02.26,140
2026-08-18,ss_jp_2026.02.23,127
2026-08-18,ss_jp_2026.02.21,78
2026-08-18,ss_jp_2026.02.20,102
2026-08-18,ss_jp_2026.02.19,65
2026-08-18,ss_jp_2026.02.12,174
2026-08-18,ss_jp_2026.02.10,75
2026-08-18,ss_jp_2026.02.05,152
2026-08-18,ss_jp_2026.02.02,122
2026-08-18,ss_jp_2026.01.30,151
2026-08-18,ss_jp_2026.01.29,84
2026-08-18,ss_jp_2026.01.28,77
2026-08-18,ss_jp_2026.01.27,61
2026-08-18,ss_jp_2026.01.24,82
2026-08-18,ss_jp_2025.12.09,507
2026-08-18,ss_jp_2025.11.24,1154
2026-08-18,ss_jp_2025.11.20,25
2026-08-18,ss_jp_2025.11.14,28
2026-08-18,ss_jp_2025.11.13,31
2026-08-19,TOTAL,7554
2026-08-19,ss_2026.08.12,203
2026-08-19,ss_2026.07.17,521
2026-08-19,ss_2026.07.16,102
2026-08-19,ss_2026.07.14,154
2026-08-19,ss_2026.07.06,268
2026-08-19,ss_jp_2026.06.24,343
2026-08-19,ss_jp_2026.06.22,154
2026-08-19,ss_jp_2026.06.06,360
2026-08-19,ss_jp_2026.06.02,165
2026-08-19,ss_jp_2026.05.27,250
2026-08-19,ss_jp_2026.05.01,450
2026-08-19,ss_jp_2026.04.22,376
2026-08-19,ss_jp_2026.04.12,411
2026-08-19,ss_jp_2026.03.25,242
2026-08-19,ss_jp_2026.03.24,10
2026-08-19,ss_jp_2026.03.23,13
2026-08-19,ss_jp_2026.03.22,11
2026-08-19,ss_jp_2026.03.18,20
2026-08-19,ss_jp_2026.03.07,105
2026-08-19,ss_jp_2026.03.01,161
2026-08-19,ss_jp_2026.02.26,140
2026-08-19,ss_jp_2026.02.23,127
2026-08-19,ss_jp_2026.02.21,78
2026-08-19,ss_jp_2026.02.20,102
2026-08-19,ss_jp_2026.02.19,65
2026-08-19,ss_jp_2026.02.12,174
2026-08-19,ss_jp_2026.02.10,75
2026-08-19,ss_jp_2026.02.05,152
2026-08-19,ss_jp_2026.02.02,122
2026-08-19,ss_jp_2026.01.30,151
2026-08-19,ss_jp_2026.01.29,84
2026-08-19,ss_jp_2026.01.28,77
2026-08-19,ss_jp_2026.01.27,61
2026-08-19,ss_jp_2026.01.24,82
2026-08-19,ss_jp_2025.12.09,507
2026-08-19,ss_jp_2025.11.24,1154
2026-08-19,ss_jp_2025.11.20,25
2026-08-19,ss_jp_2025.11.14,28
2026-08-19,ss_jp_2025.11.13,31
2026-08-20,TOTAL,7589
2026-08-20,ss_2026.08.12,236
2026-08-20,ss_2026.07.17,523
2026-08-20,ss_2026.07.16,102
2026-08-20,ss_2026.07.14,154
2026-08-20,ss_2026.07.06,268
2026-08-20,ss_jp_2026.06.24,343
2026-08-20,ss_jp_2026.06.22,154
2026-08-20,ss_jp_2026.06.06,360
2026-08-20,ss_jp_2026.06.02,165
2026-08-20,ss_jp_2026.05.27,250
2026-08-20,ss_jp_2026.05.01,450
2026-08-20,ss_jp_2026.04.22,376
2026-08-20,ss_jp_2026.04.12,411
2026-08-20,ss_jp_2026.03.25,242
2026-08-20,ss_jp_2026.03.24,10
2026-08-20,ss_jp_2026.03.23,13
2026-08-20,ss_jp_2026.03.22,11
2026-08-20,ss_jp_2026.03.18,20
2026-08-20,ss_jp_2026.03.07,105
2026-08-20,ss_jp_2026.03.01,161
2026-08-20,ss_jp_2026.02.26,140
2026-08-20,ss_jp_2026.02.23,127
2026-08-20,ss_jp_2026.02.21,78
2026-08-20,ss_jp_2026.02.20,102
2026-08-20,ss_jp_2026.02.19,65
2026-08-20,ss_jp_2026.02.12,174
2026-08-20,ss_jp_2026.02.10,75
2026-08-20,ss_jp_2026.02.05,152
2026-08-20,ss_jp_2026.02.02,122
2026-08-20,ss_jp_2026.01.30,151
2026-08-20,ss_jp_2026.01.29,84
2026-08-20,ss_jp_2026.01.28,77
2026-08-20,ss_jp_2026.01.27,61
2026-08-20,ss_jp_2026.01.24,82
2026-08-20,ss_jp_2025.12.09,507
2026-08-20,ss_jp_2025.11.24,1154
2026-08-20,ss_jp_2025.11.20,25
2026-08-20,ss_jp_2025.11.14,28
2026-08-20,ss_jp_2025.11.13,31
2026-08-21,TOTAL,7653
2026-08-21,ss_2026.08.21,0
2026-08-21,ss_2026.08.12,292
2026-08-21,ss_2026.07.17,524
2026-08-21,ss_2026.07.16,103
2026-08-21,ss_2026.07.14,155
2026-08-21,ss_2026.07.06,269
2026-08-21,ss_jp_2026.06.24,344
2026-08-21,ss_jp_2026.06.22,155
2026-08-21,ss_jp_2026.06.06,361
2026-08-21,ss_jp_2026.06.02,166
2026-08-21,ss_jp_2026.05.27,250
2026-08-21,ss_jp_2026.05.01,450
2026-08-21,ss_jp_2026.04.22,376
2026-08-21,ss_jp_2026.04.12,411
2026-08-21,ss_jp_2026.03.25,242
2026-08-21,ss_jp_2026.03.24,10
2026-08-21,ss_jp_2026.03.23,13
2026-08-21,ss_jp_2026.03.22,11
2026-08-21,ss_jp_2026.03.18,20
2026-08-21,ss_jp_2026.03.07,105
2026-08-21,ss_jp_2026.03.01,161
2026-08-21,ss_jp_2026.02.26,140
2026-08-21,ss_jp_2026.02.23,127
2026-08-21,ss_jp_2026.02.21,78
2026-08-21,ss_jp_2026.02.20,102
2026-08-21,ss_jp_2026.02.19,65
2026-08-21,ss_jp_2026.02.12,174
2026-08-21,ss_jp_2026.02.10,75
2026-08-21,ss_jp_2026.02.05,152
2026-08-21,ss_jp_2026.02.02,122
2026-08-21,ss_jp_2026.01.30,151
2026-08-21,ss_jp_2026.01.29,84
2026-08-21,ss_jp_2026.01.28,77
2026-08-21,ss_jp_2026.01.27,61
2026-08-21,ss_jp_2026.01.24,82
2026-08-21,ss_jp_2025.12.09,507
2026-08-21,ss_jp_2025.11.24,1154
2026-08-21,ss_jp_2025.11.20,25
2026-08-21,ss_jp_2025.11.14,28
2026-08-21,ss_jp_2025.11.13,31
2026-08-22,TOTAL,7777
2026-08-22,ss_2026.08.21,122
2026-08-22,ss_2026.08.12,292
2026-08-22,ss_2026.07.17,524
2026-08-22,ss_2026.07.16,103
2026-08-22,ss_2026.07.14,155
2026-08-22,ss_2026.07.06,269
2026-08-22,ss_jp_2026.06.24,345
2026-08-22,ss_jp_2026.06.22,155
2026-08-22,ss_jp_2026.06.06,361
2026-08-22,ss_jp_2026.06.02,166
2026-08-22,ss_jp_2026.05.27,250
2026-08-22,ss_jp_2026.05.01,450
2026-08-22,ss_jp_2026.04.22,376
2026-08-22,ss_jp_2026.04.12,411
2026-08-22,ss_jp_2026.03.25,242
2026-08-22,ss_jp_2026.03.24,10
2026-08-22,ss_jp_2026.03.23,13
2026-08-22,ss_jp_2026.03.22,11
2026-08-22,ss_jp_2026.03.18,20
2026-08-22,ss_jp_2026.03.07,105
2026-08-22,ss_jp_2026.03.01,161
2026-08-22,ss_jp_2026.02.26,140
2026-08-22,ss_jp_2026.02.23,127
2026-08-22,ss_jp_2026.02.21,78
2026-08-22,ss_jp_2026.02.20,102
2026-08-22,ss_jp_2026.02.19,65
2026-08-22,ss_jp_2026.02.12,174
2026-08-22,ss_jp_2026.02.10,75
2026-08-22,ss_jp_2026.02.05,152
2026-08-22,ss_jp_2026.02.02,122
2026-08-22,ss_jp_2026.01.30,151
2026-08-22,ss_jp_2026.01.29,84
2026-08-22,ss_jp_2026.01.28,77
2026-08-22,ss_jp_2026.01.27,61
2026-08-22,ss_jp_2026.01.24,82
2026-08-22,ss_jp_2025.12.09,507
2026-08-22,ss_jp_2025.11.24,1154
2026-08-22,ss_jp_2025.11.20,25
2026-08-22,ss_jp_2025.11.14,28
2026-08-22,ss_jp_2025.11.13,32
2026-08-23,TOTAL,7829
2026-08-23,ss_2026.08.21,172
2026-08-23,ss_2026.08.12,294
2026-08-23,ss_2026.07.17,524
2026-08-23,ss_2026.07.16,103
2026-08-23,ss_2026.07.14,155
2026-08-23,ss_2026.07.06,269
2026-08-23,ss_jp_2026.06.24,345
2026-08-23,ss_jp_2026.06.22,155
2026-08-23,ss_jp_2026.06.06,361
2026-08-23,ss_jp_2026.06.02,166
2026-08-23,ss_jp_2026.05.27,250
2026-08-23,ss_jp_2026.05.01,450
2026-08-23,ss_jp_2026.04.22,376
2026-08-23,ss_jp_2026.04.12,411
2026-08-23,ss_jp_2026.03.25,242
2026-08-23,ss_jp_2026.03.24,10
2026-08-23,ss_jp_2026.03.23,13
2026-08-23,ss_jp_2026.03.22,11
2026-08-23,ss_jp_2026.03.18,20
2026-08-23,ss_jp_2026.03.07,105
2026-08-23,ss_jp_2026.03.01,161
2026-08-23,ss_jp_2026.02.26,140
2026-08-23,ss_jp_2026.02.23,127
2026-08-23,ss_jp_2026.02.21,78
2026-08-23,ss_jp_2026.02.20,102
2026-08-23,ss_jp_2026.02.19,65
2026-08-23,ss_jp_2026.02.12,174
2026-08-23,ss_jp_2026.02.10,75
2026-08-23,ss_jp_2026.02.05,152
2026-08-23,ss_jp_2026.02.02,122
2026-08-23,ss_jp_2026.01.30,151
2026-08-23,ss_jp_2026.01.29,84
2026-08-23,ss_jp_2026.01.28,77
2026-08-23,ss_jp_2026.01.27,61
2026-08-23,ss_jp_2026.01.24,82
2026-08-23,ss_jp_2025.12.09,507
2026-08-23,ss_jp_2025.11.24,1154
2026-08-23,ss_jp_2025.11.20,25
2026-08-23,ss_jp_2025.11.14,28
2026-08-23,ss_jp_2025.11.13,32
2026-08-24,TOTAL,7895
2026-08-24,ss_2026.08.24,34
2026-08-24,ss_2026.08.21,200
2026-08-24,ss_2026.08.12,298
2026-08-24,ss_2026.07.17,524
2026-08-24,ss_2026.07.16,103
2026-08-24,ss_2026.07.14,155
2026-08-24,ss_2026.07.06,269
2026-08-24,ss_jp_2026.06.24,345
2026-08-24,ss_jp_2026.06.22,155
2026-08-24,ss_jp_2026.06.06,361
2026-08-24,ss_jp_2026.06.02,166
2026-08-24,ss_jp_2026.05.27,250
2026-08-24,ss_jp_2026.05.01,450
2026-08-24,ss_jp_2026.04.22,376
2026-08-24,ss_jp_2026.04.12,411
2026-08-24,ss_jp_2026.03.25,242
2026-08-24,ss_jp_2026.03.24,10
2026-08-24,ss_jp_2026.03.23,13
2026-08-24,ss_jp_2026.03.22,11
2026-08-24,ss_jp_2026.03.18,20
2026-08-24,ss_jp_2026.03.07,105
2026-08-24,ss_jp_2026.03.01,161
2026-08-24,ss_jp_2026.02.26,140
2026-08-24,ss_jp_2026.02.23,127
2026-08-24,ss_jp_2026.02.21,78
2026-08-24,ss_jp_2026.02.20,102
2026-08-24,ss_jp_2026.02.19,65
2026-08-24,ss_jp_2026.02.12,174
2026-08-24,ss_jp_2026.02.10,75
2026-08-24,ss_jp_2026.02.05,152
2026-08-24,ss_jp_2026.02.02,122
2026-08-24,ss_jp_2026.01.30,151
2026-08-24,ss_jp_2026.01.29,84
2026-08-24,ss_jp_2026.01.28,77
2026-08-24,ss_jp_2026.01.27,61
2026-08-24,ss_jp_2026.01.24,82
2026-08-24,ss_jp_2025.12.09,507
2026-08-24,ss_jp_2025.11.24,1154
2026-08-24,ss_jp_2025.11.20,25
2026-08-24,ss_jp_2025.11.14,28
2026-08-24,ss_jp_2025.11.13,32
2026-08-25,TOTAL,7997
2026-08-25,ss_2026.08.24,135
2026-08-25,ss_2026.08.21,200
2026-08-25,ss_2026.08.12,298
2026-08-25,ss_2026.07.17,524
2026-08-25,ss_2026.07.16,103
2026-08-25,ss_2026.07.14,155
2026-08-25,ss_2026.07.06,269
2026-08-25,ss_jp_2026.06.24,345
2026-08-25,ss_jp_2026.06.22,155
2026-08-25,ss_jp_2026.06.06,362
2026-08-25,ss_jp_2026.06.02,166
2026-08-25,ss_jp_2026.05.27,250
2026-08-25,ss_jp_2026.05.01,450
2026-08-25,ss_jp_2026.04.22,376
2026-08-25,ss_jp_2026.04.12,411
2026-08-25,ss_jp_2026.03.25,242
2026-08-25,ss_jp_2026.03.24,10
2026-08-25,ss_jp_2026.03.23,13
2026-08-25,ss_jp_2026.03.22,11
2026-08-25,ss_jp_2026.03.18,20
2026-08-25,ss_jp_2026.03.07,105
2026-08-25,ss_jp_2026.03.01,161
2026-08-25,ss_jp_2026.02.26,140
2026-08-25,ss_jp_2026.02.23,127
2026-08-25,ss_jp_2026.02.21,78
2026-08-25,ss_jp_2026.02.20,102
2026-08-25,ss_jp_2026.02.19,65
2026-08-25,ss_jp_2026.02.12,174
2026-08-25,ss_jp_2026.02.10,75
2026-08-25,ss_jp_2026.02.05,152
2026-08-25,ss_jp_2026.02.02,122
2026-08-25,ss_jp_2026.01.30,151
2026-08-25,ss_jp_2026.01.29,84
2026-08-25,ss_jp_2026.01.28,77
2026-08-25,ss_jp_2026.01.27,61
2026-08-25,ss_jp_2026.01.24,82
2026-08-25,ss_jp_2025.12.09,507
2026-08-25,ss_jp_2025.11.24,1154
2026-08-25,ss_jp_2025.11.20,25
2026-08-25,ss_jp_2025.11.14,28
2026-08-25,ss_jp_2025.11.13,32
2026-08-26,TOTAL,8043
2026-08-26,ss_2026.08.24,180
2026-08-26,ss_2026.08.21,201
2026-08-26,ss_2026.08.12,298
2026-08-26,ss_2026.07.17,524
2026-08-26,ss_2026.07.16,103
2026-08-26,ss_2026.07.14,155
2026-08-26,ss_2026.07.06,269
2026-08-26,ss_jp_2026.06.24,345
2026-08-26,ss_jp_2026.06.22,155
2026-08-26,ss_jp_2026.06.06,362
2026-08-26,ss_jp_2026.06.02,166
2026-08-26,ss_jp_2026.05.27,250
2026-08-26,ss_jp_2026.05.01,450
2026-08-26,ss_jp_2026.04.22,376
2026-08-26,ss_jp_2026.04.12,411
2026-08-26,ss_jp_2026.03.25,242
2026-08-26,ss_jp_2026.03.24,10
2026-08-26,ss_jp_2026.03.23,13
2026-08-26,ss_jp_2026.03.22,11
2026-08-26,ss_jp_2026.03.18,20
2026-08-26,ss_jp_2026.03.07,105
2026-08-26,ss_jp_2026.03.01,161
2026-08-26,ss_jp_2026.02.26,140
2026-08-26,ss_jp_2026.02.23,127
2026-08-26,ss_jp_2026.02.21,78
2026-08-26,ss_jp_2026.02.20,102
2026-08-26,ss_jp_2026.02.19,65
2026-08-26,ss_jp_2026.02.12,174
2026-08-26,ss_jp_2026.02.10,75
2026-08-26,ss_jp_2026.02.05,152
2026-08-26,ss_jp_2026.02.02,122
2026-08-26,ss_jp_2026.01.30,151
2026-08-26,ss_jp_2026.01.29,84
2026-08-26,ss_jp_2026.01.28,77
2026-08-26,ss_jp_2026.01.27,61
2026-08-26,ss_jp_2026.01.24,82
2026-08-26,ss_jp_2025.12.09,507
2026-08-26,ss_jp_2025.11.24,1154
2026-08-26,ss_jp_2025.11.20,25
2026-08-26,ss_jp_2025.11.14,28
2026-08-26,ss_jp_2025.11.13,32
2026-08-27,TOTAL,8093
2026-08-27,ss_2026.08.24,229
2026-08-27,ss_2026.08.21,202
2026-08-27,ss_2026.08.12,298
2026-08-27,ss_2026.07.17,524
2026-08-27,ss_2026.07.16,103
2026-08-27,ss_2026.07.14,155
2026-08-27,ss_2026.07.06,269
2026-08-27,ss_jp_2026.06.24,345
2026-08-27,ss_jp_2026.06.22,155
2026-08-27,ss_jp_2026.06.06,362
2026-08-27,ss_jp_2026.06.02,166
2026-08-27,ss_jp_2026.05.27,250
2026-08-27,ss_jp_2026.05.01,450
2026-08-27,ss_jp_2026.04.22,376
2026-08-27,ss_jp_2026.04.12,411
2026-08-27,ss_jp_2026.03.25,242
2026-08-27,ss_jp_2026.03.24,10
2026-08-27,ss_jp_2026.03.23,13
2026-08-27,ss_jp_2026.03.22,11
2026-08-27,ss_jp_2026.03.18,20
2026-08-27,ss_jp_2026.03.07,105
2026-08-27,ss_jp_2026.03.01,161
2026-08-27,ss_jp_2026.02.26,140
2026-08-27,ss_jp_2026.02.23,127
2026-08-27,ss_jp_2026.02.21,78
2026-08-27,ss_jp_2026.02.20,102
2026-08-27,ss_jp_2026.02.19,65
2026-08-27,ss_jp_2026.02.12,174
2026-08-27,ss_jp_2026.02.10,75
2026-08-27,ss_jp_2026.02.05,152
2026-08-27,ss_jp_2026.02.02,122
2026-08-27,ss_jp_2026.01.30,151
2026-08-27,ss_jp_2026.01.29,84
2026-08-27,ss_jp_2026.01.28,77
2026-08-27,ss_jp_2026.01.27,61
2026-08-27,ss_jp_2026.01.24,82
2026-08-27,ss_jp_2025.12.09,507
2026-08-27,ss_jp_2025.11.24,1154
2026-08-27,ss_jp_2025.11.20,25
2026-08-27,ss_jp_2025.11.14,28
2026-08-27,ss_jp_2025.11.13,32
2026-08-28,TOTAL,8165
2026-08-28,ss_2026.08.28,13
2026-08-28,ss_2026.08.24,285
2026-08-28,ss_2026.08.21,204
2026-08-28,ss_2026.08.12,298
2026-08-28,ss_2026.07.17,524
2026-08-28,ss_2026.07.16,103
2026-08-28,ss_2026.07.14,155
2026-08-28,ss_2026.07.06,269
2026-08-28,ss_jp_2026.06.24,346
2026-08-28,ss_jp_2026.06.22,155
2026-08-28,ss_jp_2026.06.06,362
2026-08-28,ss_jp_2026.06.02,166
2026-08-28,ss_jp_2026.05.27,250
2026-08-28,ss_jp_2026.05.01,450
2026-08-28,ss_jp_2026.04.22,376
2026-08-28,ss_jp_2026.04.12,411
2026-08-28,ss_jp_2026.03.25,242
2026-08-28,ss_jp_2026.03.24,10
2026-08-28,ss_jp_2026.03.23,13
2026-08-28,ss_jp_2026.03.22,11
2026-08-28,ss_jp_2026.03.18,20
2026-08-28,ss_jp_2026.03.07,105
2026-08-28,ss_jp_2026.03.01,161
2026-08-28,ss_jp_2026.02.26,140
2026-08-28,ss_jp_2026.02.23,127
2026-08-28,ss_jp_2026.02.21,78
2026-08-28,ss_jp_2026.02.20,102
2026-08-28,ss_jp_2026.02.19,65
2026-08-28,ss_jp_2026.02.12,174
2026-08-28,ss_jp_2026.02.10,75
2026-08-28,ss_jp_2026.02.05,152
2026-08-28,ss_jp_2026.02.02,122
2026-08-28,ss_jp_2026.01.30,151
2026-08-28,ss_jp_2026.01.29,84
2026-08-28,ss_jp_2026.01.28,77
2026-08-28,ss_jp_2026.01.27,61
2026-08-28,ss_jp_2026.01.24,82
2026-08-28,ss_jp_2025.12.09,507
2026-08-28,ss_jp_2025.11.24,1154
2026-08-28,ss_jp_2025.11.20,25
2026-08-28,ss_jp_2025.11.14,28
2026-08-28,ss_jp_2025.11.13,32
2026-08-29,TOTAL,8306
2026-08-29,ss_2026.08.28,135
2026-08-29,ss_2026.08.24,289
2026-08-29,ss_2026.08.21,204
2026-08-29,ss_2026.08.12,298
2026-08-29,ss_2026.07.17,525
2026-08-29,ss_2026.07.16,103
2026-08-29,ss_2026.07.14,155
2026-08-29,ss_2026.07.06,269
2026-08-29,ss_jp_2026.06.24,348
2026-08-29,ss_jp_2026.06.22,155
2026-08-29,ss_jp_2026.06.06,362
2026-08-29,ss_jp_2026.06.02,166
2026-08-29,ss_jp_2026.05.27,251
2026-08-29,ss_jp_2026.05.01,450
2026-08-29,ss_jp_2026.04.22,377
2026-08-29,ss_jp_2026.04.12,411
2026-08-29,ss_jp_2026.03.25,242
2026-08-29,ss_jp_2026.03.24,10
2026-08-29,ss_jp_2026.03.23,13
2026-08-29,ss_jp_2026.03.22,11
2026-08-29,ss_jp_2026.03.18,22
2026-08-29,ss_jp_2026.03.07,105
2026-08-29,ss_jp_2026.03.01,161
2026-08-29,ss_jp_2026.02.26,141
2026-08-29,ss_jp_2026.02.23,128
2026-08-29,ss_jp_2026.02.21,79
2026-08-29,ss_jp_2026.02.20,102
2026-08-29,ss_jp_2026.02.19,67
2026-08-29,ss_jp_2026.02.12,175
2026-08-29,ss_jp_2026.02.10,76
2026-08-29,ss_jp_2026.02.05,152
2026-08-29,ss_jp_2026.02.02,122
2026-08-29,ss_jp_2026.01.30,151
2026-08-29,ss_jp_2026.01.29,84
2026-08-29,ss_jp_2026.01.28,77
2026-08-29,ss_jp_2026.01.27,61
2026-08-29,ss_jp_2026.01.24,82
2026-08-29,ss_jp_2025.12.09,507
2026-08-29,ss_jp_2025.11.24,1154
2026-08-29,ss_jp_2025.11.20,25
2026-08-29,ss_jp_2025.11.14,28
2026-08-29,ss_jp_2025.11.13,33
2026-08-30,TOTAL,8356
2026-08-30,ss_2026.08.28,184
2026-08-30,ss_2026.08.24,289
2026-08-30,ss_2026.08.21,204
2026-08-30,ss_2026.08.12,298
2026-08-30,ss_2026.07.17,525
2026-08-30,ss_2026.07.16,103
2026-08-30,ss_2026.07.14,155
2026-08-30,ss_2026.07.06,269
2026-08-30,ss_jp_2026.06.24,348
2026-08-30,ss_jp_2026.06.22,155
2026-08-30,ss_jp_2026.06.06,362
2026-08-30,ss_jp_2026.06.02,166
2026-08-30,ss_jp_2026.05.27,251
2026-08-30,ss_jp_2026.05.01,450
2026-08-30,ss_jp_2026.04.22,377
2026-08-30,ss_jp_2026.04.12,411
2026-08-30,ss_jp_2026.03.25,242
2026-08-30,ss_jp_2026.03.24,10
2026-08-30,ss_jp_2026.03.23,13
2026-08-30,ss_jp_2026.03.22,12
2026-08-30,ss_jp_2026.03.18,22
2026-08-30,ss_jp_2026.03.07,105
2026-08-30,ss_jp_2026.03.01,161
2026-08-30,ss_jp_2026.02.26,141
2026-08-30,ss_jp_2026.02.23,128
2026-08-30,ss_jp_2026.02.21,79
2026-08-30,ss_jp_2026.02.20,102
2026-08-30,ss_jp_2026.02.19,67
2026-08-30,ss_jp_2026.02.12,175
2026-08-30,ss_jp_2026.02.10,76
2026-08-30,ss_jp_2026.02.05,152
2026-08-30,ss_jp_2026.02.02,122
2026-08-30,ss_jp_2026.01.30,151
2026-08-30,ss_jp_2026.01.29,84
2026-08-30,ss_jp_2026.01.28,77
2026-08-30,ss_jp_2026.01.27,61
2026-08-30,ss_jp_2026.01.24,82
2026-08-30,ss_jp_2025.12.09,507
2026-08-30,ss_jp_2025.11.24,1154
2026-08-30,ss_jp_2025.11.20,25
2026-08-30,ss_jp_2025.11.14,28
2026-08-30,ss_jp_2025.11.13,33
2026-08-31,TOTAL,8381
2026-08-31,ss_2026.08.28,208
2026-08-31,ss_2026.08.24,289
2026-08-31,ss_2026.08.21,204
2026-08-31,ss_2026.08.12,299
2026-08-31,ss_2026.07.17,525
2026-08-31,ss_2026.07.16,103
2026-08-31,ss_2026.07.14,155
2026-08-31,ss_2026.07.06,269
2026-08-31,ss_jp_2026.06.24,348
2026-08-31,ss_jp_2026.06.22,155
2026-08-31,ss_jp_2026.06.06,362
2026-08-31,ss_jp_2026.06.02,166
2026-08-31,ss_jp_2026.05.27,251
2026-08-31,ss_jp_2026.05.01,450
2026-08-31,ss_jp_2026.04.22,377
2026-08-31,ss_jp_2026.04.12,411
2026-08-31,ss_jp_2026.03.25,242
2026-08-31,ss_jp_2026.03.24,10
2026-08-31,ss_jp_2026.03.23,13
2026-08-31,ss_jp_2026.03.22,12
2026-08-31,ss_jp_2026.03.18,22
2026-08-31,ss_jp_2026.03.07,105
2026-08-31,ss_jp_2026.03.01,161
2026-08-31,ss_jp_2026.02.26,141
2026-08-31,ss_jp_2026.02.23,128
2026-08-31,ss_jp_2026.02.21,79
2026-08-31,ss_jp_2026.02.20,102
2026-08-31,ss_jp_2026.02.19,67
2026-08-31,ss_jp_2026.02.12,175
2026-08-31,ss_jp_2026.02.10,76
2026-08-31,ss_jp_2026.02.05,152
2026-08-31,ss_jp_2026.02.02,122
2026-08-31,ss_jp_2026.01.30,151
2026-08-31,ss_jp_2026.01.29,84
2026-08-31,ss_jp_2026.01.28,77
2026-08-31,ss_jp_2026.01.27,61
2026-08-31,ss_jp_2026.01.24,82
2026-08-31,ss_jp_2025.12.09,507
2026-08-31,ss_jp_2025.11.24,1154
2026-08-31,ss_jp_2025.11.20,25
2026-08-31,ss_jp_2025.11.14,28
2026-08-31,ss_jp_2025.11.13,33
2026-09-01,TOTAL,8429
2026-09-01,ss_2026.08.31,0
2026-09-01,ss_2026.08.28,255
2026-09-01,ss_2026.08.24,289
2026-09-01,ss_2026.08.21,204
2026-09-01,ss_2026.08.12,299
2026-09-01,ss_2026.07.17,525
2026-09-01,ss_2026.07.16,103
2026-09-01,ss_2026.07.14,155
2026-09-01,ss_2026.07.06,269
2026-09-01,ss_jp_2026.06.24,348
2026-09-01,ss_jp_2026.06.22,155
2026-09-01,ss_jp_2026.06.06,363
2026-09-01,ss_jp_2026.06.02,166
2026-09-01,ss_jp_2026.05.27,251
2026-09-01,ss_jp_2026.05.01,450
2026-09-01,ss_jp_2026.04.22,377
2026-09-01,ss_jp_2026.04.12,411
2026-09-01,ss_jp_2026.03.25,242
2026-09-01,ss_jp_2026.03.24,10
2026-09-01,ss_jp_2026.03.23,13
2026-09-01,ss_jp_2026.03.22,12
2026-09-01,ss_jp_2026.03.18,22
2026-09-01,ss_jp_2026.03.07,105
2026-09-01,ss_jp_2026.03.01,161
2026-09-01,ss_jp_2026.02.26,141
2026-09-01,ss_jp_2026.02.23,128
2026-09-01,ss_jp_2026.02.21,79
2026-09-01,ss_jp_2026.02.20,102
2026-09-01,ss_jp_2026.02.19,67
2026-09-01,ss_jp_2026.02.12,175
2026-09-01,ss_jp_2026.02.10,76
2026-09-01,ss_jp_2026.02.05,152
2026-09-01,ss_jp_2026.02.02,122
2026-09-01,ss_jp_2026.01.30,151
2026-09-01,ss_jp_2026.01.29,84
2026-09-01,ss_jp_2026.01.28,77
2026-09-01,ss_jp_2026.01.27,61
2026-09-01,ss_jp_2026.01.24,82
2026-09-01,ss_jp_2025.12.09,507
2026-09-01,ss_jp_2025.11.24,1154
2026-09-01,ss_jp_2025.11.20,25
2026-09-01,ss_jp_2025.11.14,28
2026-09-01,ss_jp_2025.11.13,33
2026-09-02,TOTAL,8593
2026-09-02,ss_2026.09.02,0
2026-09-02,ss_2026.08.31,155
2026-09-02,ss_2026.08.28,261
2026-09-02,ss_2026.08.24,291
2026-09-02,ss_2026.08.21,204
2026-09-02,ss_2026.08.12,299
2026-09-02,ss_2026.07.17,525
2026-09-02,ss_2026.07.16,103
2026-09-02,ss_2026.07.14,155
2026-09-02,ss_2026.07.06,269
2026-09-02,ss_jp_2026.06.24,348
2026-09-02,ss_jp_2026.06.22,155
2026-09-02,ss_jp_2026.06.06,363
2026-09-02,ss_jp_2026.06.02,166
2026-09-02,ss_jp_2026.05.27,251
2026-09-02,ss_jp_2026.05.01,450
2026-09-02,ss_jp_2026.04.22,377
2026-09-02,ss_jp_2026.04.12,411
2026-09-02,ss_jp_2026.03.25,242
2026-09-02,ss_jp_2026.03.24,10
2026-09-02,ss_jp_2026.03.23,13
2026-09-02,ss_jp_2026.03.22,12
2026-09-02,ss_jp_2026.03.18,22
2026-09-02,ss_jp_2026.03.07,105
2026-09-02,ss_jp_2026.03.01,161
2026-09-02,ss_jp_2026.02.26,141
2026-09-02,ss_jp_2026.02.23,128
2026-09-02,ss_jp_2026.02.21,79
2026-09-02,ss_jp_2026.02.20,102
2026-09-02,ss_jp_2026.02.19,67
2026-09-02,ss_jp_2026.02.12,175
2026-09-02,ss_jp_2026.02.10,76
2026-09-02,ss_jp_2026.02.05,152
2026-09-02,ss_jp_2026.02.02,122
2026-09-02,ss_jp_2026.01.30,151
2026-09-02,ss_jp_2026.01.29,84
2026-09-02,ss_jp_2026.01.28,77
2026-09-02,ss_jp_2026.01.27,61
2026-09-02,ss_jp_2026.01.24,82
2026-09-02,ss_jp_2025.12.09,507
2026-09-02,ss_jp_2025.11.24,1154
2026-09-02,ss_jp_2025.11.20,25
2026-09-02,ss_jp_2025.11.14,28
2026-09-02,ss_jp_2025.11.13,34
2026-09-03,TOTAL,8770
2026-09-03,ss_2026.09.02,160
2026-09-03,ss_2026.08.31,168
2026-09-03,ss_2026.08.28,262
2026-09-03,ss_2026.08.24,292
2026-09-03,ss_2026.08.21,204
2026-09-03,ss_2026.08.12,300
2026-09-03,ss_2026.07.17,526
2026-09-03,ss_2026.07.16,103
2026-09-03,ss_2026.07.14,155
2026-09-03,ss_2026.07.06,269
2026-09-03,ss_jp_2026.06.24,348
2026-09-03,ss_jp_2026.06.22,155
2026-09-03,ss_jp_2026.06.06,363
2026-09-03,ss_jp_2026.06.02,166
2026-09-03,ss_jp_2026.05.27,251
2026-09-03,ss_jp_2026.05.01,450
2026-09-03,ss_jp_2026.04.22,377
2026-09-03,ss_jp_2026.04.12,411
2026-09-03,ss_jp_2026.03.25,242
2026-09-03,ss_jp_2026.03.24,10
2026-09-03,ss_jp_2026.03.23,13
2026-09-03,ss_jp_2026.03.22,12
2026-09-03,ss_jp_2026.03.18,22
2026-09-03,ss_jp_2026.03.07,105
2026-09-03,ss_jp_2026.03.01,161
2026-09-03,ss_jp_2026.02.26,141
2026-09-03,ss_jp_2026.02.23,128
2026-09-03,ss_jp_2026.02.21,79
2026-09-03,ss_jp_2026.02.20,102
2026-09-03,ss_jp_2026.02.19,67
2026-09-03,ss_jp_2026.02.12,175
2026-09-03,ss_jp_2026.02.10,76
2026-09-03,ss_jp_2026.02.05,152
2026-09-03,ss_jp_2026.02.02,122
2026-09-03,ss_jp_2026.01.30,151
2026-09-03,ss_jp_2026.01.29,84
2026-09-03,ss_jp_2026.01.28,77
2026-09-03,ss_jp_2026.01.27,61
2026-09-03,ss_jp_2026.01.24,82
2026-09-03,ss_jp_2025.12.09,507
2026-09-03,ss_jp_2025.11.24,1154
2026-09-03,ss_jp_2025.11.20,25
2026-09-03,ss_jp_2025.11.14,28
2026-09-03,ss_jp_2025.11.13,34
2026-09-04,TOTAL,8841
2026-09-04,ss_2026.09.04,0
2026-09-04,ss_2026.09.02,221
2026-09-04,ss_2026.08.31,170
2026-09-04,ss_2026.08.28,266
2026-09-04,ss_2026.08.24,294
2026-09-04,ss_2026.08.21,206
2026-09-04,ss_2026.08.12,300
2026-09-04,ss_2026.07.17,526
2026-09-04,ss_2026.07.16,103
2026-09-04,ss_2026.07.14,155
2026-09-04,ss_2026.07.06,269
2026-09-04,ss_jp_2026.06.24,348
2026-09-04,ss_jp_2026.06.22,155
2026-09-04,ss_jp_2026.06.06,363
2026-09-04,ss_jp_2026.06.02,166
2026-09-04,ss_jp_2026.05.27,251
2026-09-04,ss_jp_2026.05.01,450
2026-09-04,ss_jp_2026.04.22,377
2026-09-04,ss_jp_2026.04.12,411
2026-09-04,ss_jp_2026.03.25,242
2026-09-04,ss_jp_2026.03.24,10
2026-09-04,ss_jp_2026.03.23,13
2026-09-04,ss_jp_2026.03.22,12
2026-09-04,ss_jp_2026.03.18,22
2026-09-04,ss_jp_2026.03.07,105
2026-09-04,ss_jp_2026.03.01,161
2026-09-04,ss_jp_2026.02.26,141
2026-09-04,ss_jp_2026.02.23,128
2026-09-04,ss_jp_2026.02.21,79
2026-09-04,ss_jp_2026.02.20,102
2026-09-04,ss_jp_2026.02.19,67
2026-09-04,ss_jp_2026.02.12,175
2026-09-04,ss_jp_2026.02.10,76
2026-09-04,ss_jp_2026.02.05,152
2026-09-04,ss_jp_2026.02.02,122
2026-09-04,ss_jp_2026.01.30,151
2026-09-04,ss_jp_2026.01.29,84
2026-09-04,ss_jp_2026.01.28,77
2026-09-04,ss_jp_2026.01.27,61
2026-09-04,ss_jp_2026.01.24,82
2026-09-04,ss_jp_2025.12.09,507
2026-09-04,ss_jp_2025.11.24,1154
2026-09-04,ss_jp_2025.11.20,25
2026-09-04,ss_jp_2025.11.14,28
2026-09-04,ss_jp_2025.11.13,34
2026-09-05,TOTAL,8982
2026-09-05,ss_2026.09.04,136
2026-09-05,ss_2026.09.02,222
2026-09-05,ss_2026.08.31,170
2026-09-05,ss_2026.08.28,266
2026-09-05,ss_2026.08.24,294
2026-09-05,ss_2026.08.21,206
2026-09-05,ss_2026.08.12,300
2026-09-05,ss_2026.07.17,530
2026-09-05,ss_2026.07.16,103
2026-09-05,ss_2026.07.14,155
2026-09-05,ss_2026.07.06,269
2026-09-05,ss_jp_2026.06.24,348
2026-09-05,ss_jp_2026.06.22,155
2026-09-05,ss_jp_2026.06.06,363
2026-09-05,ss_jp_2026.06.02,166
2026-09-05,ss_jp_2026.05.27,251
2026-09-05,ss_jp_2026.05.01,450
2026-09-05,ss_jp_2026.04.22,377
2026-09-05,ss_jp_2026.04.12,411
2026-09-05,ss_jp_2026.03.25,242
2026-09-05,ss_jp_2026.03.24,10
2026-09-05,ss_jp_2026.03.23,13
2026-09-05,ss_jp_2026.03.22,12
2026-09-05,ss_jp_2026.03.18,22
2026-09-05,ss_jp_2026.03.07,105
2026-09-05,ss_jp_2026.03.01,161
2026-09-05,ss_jp_2026.02.26,141
2026-09-05,ss_jp_2026.02.23,128
2026-09-05,ss_jp_2026.02.21,79
2026-09-05,ss_jp_2026.02.20,102
2026-09-05,ss_jp_2026.02.19,67
2026-09-05,ss_jp_2026.02.12,175
2026-09-05,ss_jp_2026.02.10,76
2026-09-05,ss_jp_2026.02.05,152
2026-09-05,ss_jp_2026.02.02,122
2026-09-05,ss_jp_2026.01.30,151
2026-09-05,ss_jp_2026.01.29,84
2026-09-05,ss_jp_2026.01.28,77
2026-09-05,ss_jp_2026.01.27,61
2026-09-05,ss_jp_2026.01.24,82
2026-09-05,ss_jp_2025.12.09,507
2026-09-05,ss_jp_2025.11.24,1154
2026-09-05,ss_jp_2025.11.20,25
2026-09-05,ss_jp_2025.11.14,28
2026-09-05,ss_jp_2025.11.13,34
2026-09-06,TOTAL,9037
2026-09-06,ss_2026.09.04,189
2026-09-06,ss_2026.09.02,224
2026-09-06,ss_2026.08.31,170
2026-09-06,ss_2026.08.28,266
2026-09-06,ss_2026.08.24,294
2026-09-06,ss_2026.08.21,206
2026-09-06,ss_2026.08.12,300
2026-09-06,ss_2026.07.17,530
2026-09-06,ss_2026.07.16,103
2026-09-06,ss_2026.07.14,155
2026-09-06,ss_2026.07.06,269
2026-09-06,ss_jp_2026.06.24,348
2026-09-06,ss_jp_2026.06.22,155
2026-09-06,ss_jp_2026.06.06,363
2026-09-06,ss_jp_2026.06.02,166
2026-09-06,ss_jp_2026.05.27,251
2026-09-06,ss_jp_2026.05.01,450
2026-09-06,ss_jp_2026.04.22,377
2026-09-06,ss_jp_2026.04.12,411
2026-09-06,ss_jp_2026.03.25,242
2026-09-06,ss_jp_2026.03.24,10
2026-09-06,ss_jp_2026.03.23,13
2026-09-06,ss_jp_2026.03.22,12
2026-09-06,ss_jp_2026.03.18,22
2026-09-06,ss_jp_2026.03.07,105
2026-09-06,ss_jp_2026.03.01,161
2026-09-06,ss_jp_2026.02.26,141
2026-09-06,ss_jp_2026.02.23,128
2026-09-06,ss_jp_2026.02.21,79
2026-09-06,ss_jp_2026.02.20,102
2026-09-06,ss_jp_2026.02.19,67
2026-09-06,ss_jp_2026.02.12,175
2026-09-06,ss_jp_2026.02.10,76
2026-09-06,ss_jp_2026.02.05,152
2026-09-06,ss_jp_2026.02.02,122
2026-09-06,ss_jp_2026.01.30,151
2026-09-06,ss_jp_2026.01.29,84
2026-09-06,ss_jp_2026.01.28,77
2026-09-06,ss_jp_2026.01.27,61
2026-09-06,ss_jp_2026.01.24,82
2026-09-06,ss_jp_2025.12.09,507
2026-09-06,ss_jp_2025.11.24,1154
2026-09-06,ss_jp_2025.11.20,25
2026-09-06,ss_jp_2025.11.14,28
2026-09-06,ss_jp_2025.11.13,34
2026-09-07,TOTAL,9076
2026-09-07,ss_2026.09.04,228
2026-09-07,ss_2026.09.02,224
2026-09-07,ss_2026.08.31,170
2026-09-07,ss_2026.08.28,266
2026-09-07,ss_2026.08.24,294
2026-09-07,ss_2026.08.21,206
2026-09-07,ss_2026.08.12,300
2026-09-07,ss_2026.07.17,530
2026-09-07,ss_2026.07.16,103
2026-09-07,ss_2026.07.14,155
2026-09-07,ss_2026.07.06,269
2026-09-07,ss_jp_2026.06.24,348
2026-09-07,ss_jp_2026.06.22,155
2026-09-07,ss_jp_2026.06.06,363
2026-09-07,ss_jp_2026.06.02,166
2026-09-07,ss_jp_2026.05.27,251
2026-09-07,ss_jp_2026.05.01,450
2026-09-07,ss_jp_2026.04.22,377
2026-09-07,ss_jp_2026.04.12,411
2026-09-07,ss_jp_2026.03.25,242
2026-09-07,ss_jp_2026.03.24,10
2026-09-07,ss_jp_2026.03.23,13
2026-09-07,ss_jp_2026.03.22,12
2026-09-07,ss_jp_2026.03.18,22
2026-09-07,ss_jp_2026.03.07,105
2026-09-07,ss_jp_2026.03.01,161
2026-09-07,ss_jp_2026.02.26,141
2026-09-07,ss_jp_2026.02.23,128
2026-09-07,ss_jp_2026.02.21,79
2026-09-07,ss_jp_2026.02.20,102
2026-09-07,ss_jp_2026.02.19,67
2026-09-07,ss_jp_2026.02.12,175
2026-09-07,ss_jp_2026.02.10,76
2026-09-07,ss_jp_2026.02.05,152
2026-09-07,ss_jp_2026.02.02,122
2026-09-07,ss_jp_2026.01.30,151
2026-09-07,ss_jp_2026.01.29,84
2026-09-07,ss_jp_2026.01.28,77
2026-09-07,ss_jp_2026.01.27,61
2026-09-07,ss_jp_2026.01.24,82
2026-09-07,ss_jp_2025.12.09,507
2026-09-07,ss_jp_2025.11.24,1154
2026-09-07,ss_jp_2025.11.20,25
2026-09-07,ss_jp_2025.11.14,28
2026-09-07,ss_jp_2025.11.13,34
